"id","contact_type","contact_sub_type","do_not_email","do_not_phone","do_not_mail","do_not_sms","do_not_trade","is_opt_out","legal_identifier","external_identifier","sort_name","display_name","nick_name","legal_name","image_URL","preferred_communication_method","preferred_language","preferred_mail_format","hash","api_key","source","first_name","middle_name","last_name","prefix_id","suffix_id","formal_title","communication_style_id","email_greeting_id","email_greeting_custom","email_greeting_display","postal_greeting_id","postal_greeting_custom","postal_greeting_display","addressee_id","addressee_custom","addressee_display","job_title","gender_id","birth_date","is_deceased","deceased_date","household_name","primary_contact_id","organization_name","sic_code","user_unique_id","employer_id","is_deleted","created_date","modified_date"
"1","Organization",NULL,"0","0","0","0","0","0",NULL,NULL,"Default Organization","Default Organization",NULL,"Default Organization",NULL,NULL,NULL,"Both",NULL,NULL,NULL,NULL,NULL,NULL,NULL,NULL,NULL,NULL,NULL,NULL,NULL,NULL,NULL,NULL,NULL,NULL,NULL,NULL,NULL,NULL,"0",NULL,NULL,NULL,"Default Organization",NULL,NULL,NULL,"0",NULL,"2016-01-07 03:53:09"
"2","Individual",NULL,"0","0","0","0","0","0",NULL,NULL,"Wattson, Angelika","Angelika Wattson",NULL,NULL,NULL,NULL,NULL,"Both","868071594",NULL,"Sample Data","Angelika",,"Wattson",NULL,NULL,NULL,NULL,"1",NULL,"Dear Angelika","1",NULL,"Dear Angelika","1",NULL,"Angelika Wattson",NULL,"1","1957-11-09","1","2015-05-28",NULL,NULL,"ABC education services",NULL,NULL,NULL,"0",NULL,"2016-10-13 19:11:36"
"3","Individual",NULL,"0","0","0","0","0","0",NULL,NULL,"González, Ray","Mr. Ray González II",NULL,NULL,NULL,"2",NULL,"Both","193085819",NULL,"Sample Data","Ray","F","González","3","3",NULL,NULL,"1",NULL,"Dear Ray","1",NULL,"Dear Ray","1",NULL,"Mr. Ray González II",NULL,"2","1959-12-21","0",NULL,NULL,NULL,"TATA consultancy",NULL,NULL,NULL,"0",NULL,"2016-10-13 19:11:55"
"4","Individual",NULL,"0","1","0","0","0","0",NULL,NULL,"Yadav, Brent","Brent Yadav II",NULL,NULL,NULL,"2",NULL,"Both","3167259095",NULL,"Sample Data","Brent","H","Yadav",NULL,"3",NULL,NULL,"1",NULL,"Dear Brent","1",NULL,"Dear Brent","1",NULL,"Brent Yadav II",NULL,NULL,"1991-07-19","0",NULL,NULL,NULL,"CTS",NULL,NULL,NULL,"0",NULL,"2016-10-13 19:12:02"
"5","Individual",NULL,"0","1","0","0","0","0",NULL,NULL,"Samuels, Billy","Billy Samuels II",NULL,NULL,NULL,NULL,NULL,"Both","92935923",NULL,"Sample Data","Billy",,"Samuels",NULL,"3",NULL,NULL,"1",NULL,"Dear Billy","1",NULL,"Dear Billy","1",NULL,"Billy Samuels II",NULL,"2","2001-04-16","0",NULL,NULL,NULL,"MEMO services",NULL,NULL,NULL,"0",NULL,"2016-10-13 19:12:15"
"6","Individual",NULL,"0","0","0","0","0","0",NULL,NULL,"Samuels, Russell","Dr. Russell Samuels",NULL,NULL,NULL,NULL,NULL,"Both","3958135330",NULL,"Sample Data","Russell",,"Samuels","4",NULL,NULL,NULL,"1",NULL,"Dear Russell","1",NULL,"Dear Russell","1",NULL,"Dr. Russell Samuels",NULL,NULL,NULL,"0",NULL,NULL,NULL,"TCS services",NULL,NULL,NULL,"0",NULL,"2016-10-13 19:12:30"
"7","Individual",NULL,"0","0","0","0","0","0",NULL,NULL,"Jameson, Lashawnda","Lashawnda Jameson",NULL,NULL,NULL,"4",NULL,"Both","4055900754",NULL,"Sample Data","Lashawnda",,"Jameson",NULL,NULL,NULL,NULL,"1",NULL,"Dear Lashawnda","1",NULL,"Dear Lashawnda","1",NULL,"Lashawnda Jameson",NULL,"1","1964-09-20","0",NULL,NULL,NULL,"Master services",NULL,NULL,NULL,"0",NULL,"2016-10-13 19:12:43"
"8","Individual",NULL,"0","0","0","0","0","0",NULL,NULL,"Robertson, Iris","Iris Robertson",NULL,NULL,NULL,"2",NULL,"Both","3400408145",NULL,"Sample Data","Iris",,"Robertson",NULL,NULL,NULL,NULL,"1",NULL,"Dear Iris","1",NULL,"Dear Iris","1",NULL,"Iris Robertson",NULL,NULL,"1957-11-01","0",NULL,NULL,NULL,"Global Education Services",NULL,NULL,"96","0",NULL,"2016-01-07 03:53:13"
"9","Individual",NULL,"0","1","0","0","1","0",NULL,NULL,"Grant-Prentice, Alexia","Alexia Grant-Prentice",NULL,NULL,NULL,"2",NULL,"Both","466816300",NULL,"Sample Data","Alexia",,"Grant-Prentice",NULL,NULL,NULL,NULL,"1",NULL,"Dear Alexia","1",NULL,"Dear Alexia","1",NULL,"Alexia Grant-Prentice",NULL,NULL,"1980-11-16","0",NULL,NULL,NULL,"Testing services",NULL,NULL,NULL,"0",NULL,"2016-10-13 19:12:57"
"10","Individual",NULL,"0","1","0","0","0","0",NULL,NULL,"Roberts, Jackson","Dr. Jackson Roberts Sr.",NULL,NULL,NULL,NULL,NULL,"Both","3261233132",NULL,"Sample Data","Jackson","D","Roberts","4","2",NULL,NULL,"1",NULL,"Dear Jackson","1",NULL,"Dear Jackson","1",NULL,"Dr. Jackson Roberts Sr.",NULL,"2","1931-09-13","1",NULL,NULL,NULL,"Zetapp services",NULL,NULL,NULL,"0",NULL,"2016-10-13 19:13:09"
"11","Individual",NULL,"0","0","0","0","0","0",NULL,NULL,"Reynolds, Clint","Clint Reynolds",NULL,NULL,NULL,"3",NULL,"Both","2752872958",NULL,"Sample Data","Clint",,"Reynolds",NULL,NULL,NULL,NULL,"1",NULL,"Dear Clint","1",NULL,"Dear Clint","1",NULL,"Clint Reynolds",NULL,NULL,"1953-11-24","0",NULL,NULL,NULL,"Apple solutions",NULL,NULL,NULL,"0",NULL,"2016-10-13 19:13:28"
"12","Individual",NULL,"0","1","0","0","0","0",NULL,NULL,"Prentice-Samuels, Junko","Junko Prentice-Samuels",NULL,NULL,NULL,NULL,NULL,"Both","3032844865",NULL,"Sample Data","Junko","O","Prentice-Samuels",NULL,NULL,NULL,NULL,"1",NULL,"Dear Junko","1",NULL,"Dear Junko","1",NULL,"Junko Prentice-Samuels",NULL,"1","1989-12-18","0",NULL,NULL,NULL,"Fast Test services",NULL,NULL,NULL,"0",NULL,"2016-10-13 19:13:48"
"13","Individual",NULL,"0","0","0","0","1","0",NULL,NULL,"Wagner, Brent","Brent Wagner Jr.",NULL,NULL,NULL,NULL,NULL,"Both","2290384277",NULL,"Sample Data","Brent",,"Wagner",NULL,"1",NULL,NULL,"1",NULL,"Dear Brent","1",NULL,"Dear Brent","1",NULL,"Brent Wagner Jr.",NULL,"2","1995-09-18","0",NULL,NULL,NULL,"slow test services",NULL,NULL,NULL,"0",NULL,"2016-10-13 19:13:57"
"14","Individual",NULL,"0","0","0","0","1","0",NULL,NULL,"Olsen, Herminia","Ms. Herminia Olsen",NULL,NULL,NULL,NULL,NULL,"Both","52824125",NULL,"Sample Data","Herminia","Y","Olsen","2",NULL,NULL,NULL,"1",NULL,"Dear Herminia","1",NULL,"Dear Herminia","1",NULL,"Ms. Herminia Olsen",NULL,"1","1947-02-26","0",NULL,NULL,NULL,"NJ testing services",NULL,NULL,NULL,"0",NULL,"2016-10-13 19:14:14"
"15","Individual",NULL,"0","1","0","0","0","0",NULL,NULL,"Cruz, Magan","Ms. Magan Cruz",NULL,NULL,NULL,NULL,NULL,"Both","3859349817",NULL,"Sample Data","Magan",,"Cruz","2",NULL,NULL,NULL,"1",NULL,"Dear Magan","1",NULL,"Dear Magan","1",NULL,"Ms. Magan Cruz",NULL,"1","1958-03-13","0",NULL,NULL,NULL,"NY testing services",NULL,NULL,NULL,"0",NULL,"2016-10-13 19:14:27"
"16","Individual",NULL,"1","1","0","0","0","0",NULL,NULL,"Díaz, Erik","Erik Díaz Sr.",NULL,NULL,NULL,"4",NULL,"Both","4217615006",NULL,"Sample Data","Erik",,"Díaz",NULL,"2",NULL,NULL,"1",NULL,"Dear Erik","1",NULL,"Dear Erik","1",NULL,"Erik Díaz Sr.",NULL,NULL,"1998-04-05","0",NULL,NULL,NULL,"Billy testing services",NULL,NULL,NULL,"0",NULL,"2016-10-13 19:14:41"
"17","Individual",NULL,"1","0","0","0","1","0",NULL,NULL,"Wagner, Kathleen","Dr. Kathleen Wagner",NULL,NULL,NULL,"2",NULL,"Both","325058531",NULL,"Sample Data","Kathleen","I","Wagner","4",NULL,NULL,NULL,"1",NULL,"Dear Kathleen","1",NULL,"Dear Kathleen","1",NULL,"Dr. Kathleen Wagner",NULL,"1","1983-09-19","0",NULL,NULL,NULL,"Idaho Software Systems",NULL,NULL,"66","0",NULL,"2016-01-07 03:53:13"
"18","Individual",NULL,"0","0","0","0","0","0",NULL,NULL,"Wilson, Toby","Toby Wilson",NULL,NULL,NULL,"5",NULL,"Both","4291852",NULL,"Sample Data","Toby",,"Wilson",NULL,NULL,NULL,NULL,"1",NULL,"Dear Toby","1",NULL,"Dear Toby","1",NULL,"Toby Wilson",NULL,"2","1974-06-18","0",NULL,NULL,NULL,"Null testing services",NULL,NULL,NULL,"0",NULL,"2016-10-13 19:14:54"
"19","Individual",NULL,"0","0","0","0","0","0",NULL,NULL,"Dimitrov, Daren","Daren Dimitrov",NULL,NULL,NULL,NULL,NULL,"Both","3639899181",NULL,"Sample Data","Daren",,"Dimitrov",NULL,NULL,NULL,NULL,"1",NULL,"Dear Daren","1",NULL,"Dear Daren","1",NULL,"Daren Dimitrov",NULL,"2","1996-02-18","0",NULL,NULL,NULL,"Local Testing services",NULL,NULL,NULL,"0",NULL,"2016-10-13 19:15:04"
"20","Individual",NULL,"0","0","0","0","1","0",NULL,NULL,"Ivanov, Clint","Mr. Clint Ivanov",NULL,NULL,NULL,"2",NULL,"Both","3280498131",NULL,"Sample Data","Clint","G","Ivanov","3",NULL,NULL,NULL,"1",NULL,"Dear Clint","1",NULL,"Dear Clint","1",NULL,"Mr. Clint Ivanov",NULL,NULL,"1993-03-26","0",NULL,NULL,NULL,"First solution provider",NULL,NULL,NULL,"0",NULL,"2016-10-13 19:15:15"
"21","Individual",NULL,"0","0","0","0","0","0",NULL,NULL,"Wattson, Sanford","Dr. Sanford Wattson II",NULL,NULL,NULL,"2",NULL,"Both","2494735829",NULL,"Sample Data","Sanford",,"Wattson","4","3",NULL,NULL,"1",NULL,"Dear Sanford","1",NULL,"Dear Sanford","1",NULL,"Dr. Sanford Wattson II",NULL,NULL,NULL,"0",NULL,NULL,NULL,"Quick solution provider",NULL,NULL,NULL,"0",NULL,"2016-10-13 19:15:29"
"22","Individual",NULL,"0","0","0","0","0","0",NULL,NULL,"Díaz, Brigette","Dr. Brigette Díaz",NULL,NULL,NULL,NULL,NULL,"Both","939555461",NULL,"Sample Data","Brigette","I","Díaz","4",NULL,NULL,NULL,"1",NULL,"Dear Brigette","1",NULL,"Dear Brigette","1",NULL,"Dr. Brigette Díaz",NULL,"1","1981-10-18","0",NULL,NULL,NULL,"New service provider",NULL,NULL,NULL,"0",NULL,"2016-10-13 19:15:46"
"23","Household",NULL,"0","0","0","0","0","0",NULL,NULL,"Terrell family","Terrell family",NULL,NULL,NULL,NULL,NULL,"Both","1136333121",NULL,"Sample Data",NULL,NULL,NULL,NULL,NULL,NULL,NULL,"5",NULL,"Dear Terrell family","5",NULL,"Dear Terrell family","2",NULL,"Terrell family",NULL,NULL,NULL,"0",NULL,"Terrell family",NULL,"Calitech solutions",NULL,NULL,NULL,"0",NULL,"2016-10-13 19:16:05"
"24","Individual",NULL,"0","0","0","0","1","0",NULL,NULL,"Jones, Maria","Maria Jones II",NULL,NULL,NULL,"4",NULL,"Both","1814034949",NULL,"Sample Data","Maria",,"Jones",NULL,"3",NULL,NULL,"1",NULL,"Dear Maria","1",NULL,"Dear Maria","1",NULL,"Maria Jones II",NULL,"2","1975-10-14","0",NULL,NULL,NULL,"Fun family tech soluions",NULL,NULL,NULL,"0",NULL,"2016-10-13 19:16:20"
"25","Household",NULL,"0","0","0","0","0","0",NULL,NULL,"Grant-Prentice family","Grant-Prentice family",NULL,NULL,NULL,"3",NULL,"Both","2149437987",NULL,"Sample Data",NULL,NULL,NULL,NULL,NULL,NULL,NULL,"5",NULL,"Dear Grant-Prentice family","5",NULL,"Dear Grant-Prentice family","2",NULL,"Grant-Prentice family",NULL,NULL,NULL,"0",NULL,"Grant-Prentice family",NULL,"Final test providers",NULL,NULL,NULL,"0",NULL,"2016-10-13 19:16:38"
"26","Individual",NULL,"0","0","0","0","1","0",NULL,NULL,"Samuels, Rebekah","Ms. Rebekah Samuels",NULL,NULL,NULL,NULL,NULL,"Both","2023061910",NULL,"Sample Data","Rebekah","Y","Samuels","2",NULL,NULL,NULL,"1",NULL,"Dear Rebekah","1",NULL,"Dear Rebekah","1",NULL,"Ms. Rebekah Samuels",NULL,"1",NULL,"0",NULL,NULL,NULL,NULL,NULL,NULL,NULL,"0",NULL,"2016-01-07 03:53:13"
"27","Individual",NULL,"1","0","0","0","1","0",NULL,NULL,"Barkley, Elina","Ms. Elina Barkley",NULL,NULL,NULL,NULL,NULL,"Both","522372077",NULL,"Sample Data","Elina","T","Barkley","2",NULL,NULL,NULL,"1",NULL,"Dear Elina","1",NULL,"Dear Elina","1",NULL,"Ms. Elina Barkley",NULL,NULL,"1991-11-20","0",NULL,NULL,NULL,NULL,NULL,NULL,NULL,"0",NULL,"2016-01-07 03:53:13"
"28","Household",NULL,"0","0","0","0","0","0",NULL,NULL,"Łąchowski family","Łąchowski family",NULL,NULL,NULL,NULL,NULL,"Both","2407077255",NULL,"Sample Data",NULL,NULL,NULL,NULL,NULL,NULL,NULL,"5",NULL,"Dear Łąchowski family","5",NULL,"Dear Łąchowski family","2",NULL,"Łąchowski family",NULL,NULL,NULL,"0",NULL,"Łąchowski family",NULL,NULL,NULL,NULL,NULL,"0",NULL,"2016-01-07 03:53:13"
"29","Organization",NULL,"0","0","0","0","0","0",NULL,NULL,"Caulder Environmental Solutions","Caulder Environmental Solutions",NULL,NULL,NULL,NULL,NULL,"Both","3008712785",NULL,"Sample Data",NULL,NULL,NULL,NULL,NULL,NULL,NULL,NULL,NULL,NULL,NULL,NULL,NULL,"3",NULL,"Caulder Environmental Solutions",NULL,NULL,NULL,"0",NULL,NULL,NULL,"Caulder Environmental Solutions",NULL,NULL,NULL,"0",NULL,"2016-01-07 03:53:13"
"30","Individual",NULL,"0","0","0","0","0","0",NULL,NULL,"Ivanov, Shauna","Shauna Ivanov",NULL,NULL,NULL,NULL,NULL,"Both","1678938046",NULL,"Sample Data","Shauna","Q","Ivanov",NULL,NULL,NULL,NULL,"1",NULL,"Dear Shauna","1",NULL,"Dear Shauna","1",NULL,"Shauna Ivanov",NULL,"1","1980-08-09","0",NULL,NULL,NULL,"Second Culture School",NULL,NULL,"56","0",NULL,"2016-01-07 03:53:13"
"31","Individual",NULL,"0","0","0","0","0","0",NULL,NULL,"deforest.carlos@fakemail.co.pl","deforest.carlos@fakemail.co.pl",NULL,NULL,NULL,NULL,NULL,"Both","294373545",NULL,"Sample Data",NULL,NULL,NULL,"3",NULL,NULL,NULL,"1",NULL,"Dear deforest.carlos@fakemail.co.pl","1",NULL,"Dear deforest.carlos@fakemail.co.pl","1",NULL,"deforest.carlos@fakemail.co.pl",NULL,NULL,NULL,"0",NULL,NULL,NULL,NULL,NULL,NULL,NULL,"0",NULL,"2016-01-07 03:53:12"
"32","Individual",NULL,"0","0","0","0","0","0",NULL,NULL,"Wilson, Valene","Valene Wilson",NULL,NULL,NULL,NULL,NULL,"Both","40219008",NULL,"Sample Data","Valene",,"Wilson",NULL,NULL,NULL,NULL,"1",NULL,"Dear Valene","1",NULL,"Dear Valene","1",NULL,"Valene Wilson",NULL,"1","1968-02-18","0",NULL,NULL,NULL,NULL,NULL,NULL,NULL,"0",NULL,"2016-01-07 03:53:13"
"33","Individual",NULL,"0","0","0","0","0","0",NULL,NULL,"Olsen, Ivey","Ivey Olsen",NULL,NULL,NULL,"3",NULL,"Both","1507615018",NULL,"Sample Data","Ivey",,"Olsen",NULL,NULL,NULL,NULL,"1",NULL,"Dear Ivey","1",NULL,"Dear Ivey","1",NULL,"Ivey Olsen",NULL,"1","1973-05-28","0",NULL,NULL,NULL,NULL,NULL,NULL,NULL,"0",NULL,"2016-01-07 03:53:13"
"34","Individual",NULL,"0","0","0","0","0","0",NULL,NULL,"Olsen, Omar","Omar Olsen Jr.",NULL,NULL,NULL,"2",NULL,"Both","2675601131",NULL,"Sample Data","Omar","R","Olsen",NULL,"1",NULL,NULL,"1",NULL,"Dear Omar","1",NULL,"Dear Omar","1",NULL,"Omar Olsen Jr.",NULL,NULL,NULL,"0",NULL,NULL,NULL,"Florida Literacy Fund",NULL,NULL,"36","0",NULL,"2016-01-07 03:53:13"
"35","Individual",NULL,"0","1","0","0","0","0",NULL,NULL,"Grant, Jackson","Dr. Jackson Grant Jr.",NULL,NULL,NULL,NULL,NULL,"Both","4087160842",NULL,"Sample Data","Jackson",,"Grant","4","1",NULL,NULL,"1",NULL,"Dear Jackson","1",NULL,"Dear Jackson","1",NULL,"Dr. Jackson Grant Jr.",NULL,"2","1981-08-23","0",NULL,NULL,NULL,NULL,NULL,NULL,NULL,"0",NULL,"2016-01-07 03:53:13"
"36","Organization",NULL,"0","0","0","0","0","0",NULL,NULL,"Florida Literacy Fund","Florida Literacy Fund",NULL,NULL,NULL,NULL,NULL,"Both","2977757134",NULL,"Sample Data",NULL,NULL,NULL,NULL,NULL,NULL,NULL,NULL,NULL,NULL,NULL,NULL,NULL,"3",NULL,"Florida Literacy Fund",NULL,NULL,NULL,"0",NULL,NULL,"34","Florida Literacy Fund",NULL,NULL,NULL,"0",NULL,"2016-01-07 03:53:13"
"37","Individual",NULL,"1","1","0","0","1","0",NULL,NULL,"Jensen-Nielsen, Jacob","Jacob Jensen-Nielsen",NULL,NULL,NULL,NULL,NULL,"Both","4105259043",NULL,"Sample Data","Jacob",,"Jensen-Nielsen",NULL,NULL,NULL,NULL,"1",NULL,"Dear Jacob","1",NULL,"Dear Jacob","1",NULL,"Jacob Jensen-Nielsen",NULL,NULL,"2006-12-09","0",NULL,NULL,NULL,NULL,NULL,NULL,NULL,"0",NULL,"2016-01-07 03:53:13"
"38","Household",NULL,"0","0","0","0","0","0",NULL,NULL,"Jensen-Wattson family","Jensen-Wattson family",NULL,NULL,NULL,NULL,NULL,"Both","1044999088",NULL,"Sample Data",NULL,NULL,NULL,NULL,NULL,NULL,NULL,"5",NULL,"Dear Jensen-Wattson family","5",NULL,"Dear Jensen-Wattson family","2",NULL,"Jensen-Wattson family",NULL,NULL,NULL,"0",NULL,"Jensen-Wattson family",NULL,NULL,NULL,NULL,NULL,"0",NULL,"2016-01-07 03:53:13"
"39","Individual",NULL,"0","0","0","0","1","0",NULL,NULL,"Jensen-Wattson, Eleonor","Eleonor Jensen-Wattson",NULL,NULL,NULL,NULL,NULL,"Both","341204200",NULL,"Sample Data","Eleonor",,"Jensen-Wattson",NULL,NULL,NULL,NULL,"1",NULL,"Dear Eleonor","1",NULL,"Dear Eleonor","1",NULL,"Eleonor Jensen-Wattson",NULL,"1",NULL,"0",NULL,NULL,NULL,NULL,NULL,NULL,NULL,"0",NULL,"2016-01-07 03:53:13"
"40","Individual",NULL,"0","0","0","0","0","0",NULL,NULL,"mz.wilson15@testmail.co.in","mz.wilson15@testmail.co.in",NULL,NULL,NULL,"5",NULL,"Both","868525066",NULL,"Sample Data",NULL,NULL,NULL,NULL,NULL,NULL,NULL,"1",NULL,"Dear mz.wilson15@testmail.co.in","1",NULL,"Dear mz.wilson15@testmail.co.in","1",NULL,"mz.wilson15@testmail.co.in",NULL,NULL,NULL,"0",NULL,NULL,NULL,NULL,NULL,NULL,NULL,"0",NULL,"2016-01-07 03:53:13"
"41","Individual",NULL,"0","1","0","0","0","0",NULL,NULL,"McReynolds, Damaris","Damaris McReynolds",NULL,NULL,NULL,NULL,NULL,"Both","2561970052",NULL,"Sample Data","Damaris","Q","McReynolds",NULL,NULL,NULL,NULL,"1",NULL,"Dear Damaris","1",NULL,"Dear Damaris","1",NULL,"Damaris McReynolds",NULL,"1",NULL,"0",NULL,NULL,NULL,NULL,NULL,NULL,NULL,"0",NULL,"2016-01-07 03:53:13"
"42","Individual",NULL,"1","0","0","0","0","0",NULL,NULL,"Müller, Shauna","Shauna Müller",NULL,NULL,NULL,NULL,NULL,"Both","2927518438",NULL,"Sample Data","Shauna",,"Müller",NULL,NULL,NULL,NULL,"1",NULL,"Dear Shauna","1",NULL,"Dear Shauna","1",NULL,"Shauna Müller",NULL,"1","1978-08-02","0",NULL,NULL,NULL,NULL,NULL,NULL,NULL,"0",NULL,"2016-01-07 03:53:13"
"43","Individual",NULL,"0","1","0","0","0","0",NULL,NULL,"Wilson, Mei","Mei Wilson",NULL,NULL,NULL,"3",NULL,"Both","819844514",NULL,"Sample Data","Mei",,"Wilson",NULL,NULL,NULL,NULL,"1",NULL,"Dear Mei","1",NULL,"Dear Mei","1",NULL,"Mei Wilson",NULL,NULL,NULL,"0",NULL,NULL,NULL,NULL,NULL,NULL,NULL,"0",NULL,"2016-01-07 03:53:13"
"44","Individual",NULL,"1","0","0","0","0","0",NULL,NULL,"Zope, Megan","Megan Zope",NULL,NULL,NULL,"5",NULL,"Both","2173436080",NULL,"Sample Data","Megan",,"Zope",NULL,NULL,NULL,NULL,"1",NULL,"Dear Megan","1",NULL,"Dear Megan","1",NULL,"Megan Zope",NULL,"1",NULL,"0",NULL,NULL,NULL,"Global Environmental Partners",NULL,NULL,"89","0",NULL,"2016-01-07 03:53:13"
"45","Individual",NULL,"0","0","0","0","0","0",NULL,NULL,"Wilson, Brzęczysław","Brzęczysław Wilson",NULL,NULL,NULL,"4",NULL,"Both","3486308553",NULL,"Sample Data","Brzęczysław","K","Wilson",NULL,NULL,NULL,NULL,"1",NULL,"Dear Brzęczysław","1",NULL,"Dear Brzęczysław","1",NULL,"Brzęczysław Wilson",NULL,"2","2003-07-19","0",NULL,NULL,NULL,NULL,NULL,NULL,NULL,"0",NULL,"2016-01-07 03:53:13"
"46","Individual",NULL,"0","0","0","0","0","0",NULL,NULL,"raychowski@mymail.co.pl","raychowski@mymail.co.pl",NULL,NULL,NULL,"5",NULL,"Both","448763821",NULL,"Sample Data",NULL,NULL,NULL,"4",NULL,NULL,NULL,"1",NULL,"Dear raychowski@mymail.co.pl","1",NULL,"Dear raychowski@mymail.co.pl","1",NULL,"raychowski@mymail.co.pl",NULL,NULL,NULL,"0",NULL,NULL,NULL,NULL,NULL,NULL,NULL,"0",NULL,"2016-01-07 03:53:13"
"47","Individual",NULL,"0","1","0","0","1","0",NULL,NULL,"Parker-Díaz, Tanya","Tanya Parker-Díaz",NULL,NULL,NULL,NULL,NULL,"Both","932887217",NULL,"Sample Data","Tanya",,"Parker-Díaz",NULL,NULL,NULL,NULL,"1",NULL,"Dear Tanya","1",NULL,"Dear Tanya","1",NULL,"Tanya Parker-Díaz",NULL,"1","1947-01-18","0",NULL,NULL,NULL,"Florida Family Center",NULL,NULL,"115","0",NULL,"2016-01-07 03:53:13"
"48","Individual",NULL,"0","0","0","0","0","0",NULL,NULL,"Barkley, Lou","Lou Barkley",NULL,NULL,NULL,"3",NULL,"Both","1999867359",NULL,"Sample Data","Lou","M","Barkley",NULL,NULL,NULL,NULL,"1",NULL,"Dear Lou","1",NULL,"Dear Lou","1",NULL,"Lou Barkley",NULL,NULL,"1956-06-23","1",NULL,NULL,NULL,NULL,NULL,NULL,NULL,"0",NULL,"2016-01-07 03:53:13"
"49","Individual",NULL,"0","0","0","0","1","0",NULL,NULL,"Dimitrov, Shauna","Shauna Dimitrov",NULL,NULL,NULL,"2",NULL,"Both","3774422289",NULL,"Sample Data","Shauna","N","Dimitrov",NULL,NULL,NULL,NULL,"1",NULL,"Dear Shauna","1",NULL,"Dear Shauna","1",NULL,"Shauna Dimitrov",NULL,NULL,"1999-07-29","0",NULL,NULL,NULL,NULL,NULL,NULL,NULL,"0",NULL,"2016-01-07 03:53:13"
"50","Individual",NULL,"0","1","0","0","1","0",NULL,NULL,"Wattson, Felisha","Ms. Felisha Wattson",NULL,NULL,NULL,"4",NULL,"Both","3441247196",NULL,"Sample Data","Felisha","O","Wattson","2",NULL,NULL,NULL,"1",NULL,"Dear Felisha","1",NULL,"Dear Felisha","1",NULL,"Ms. Felisha Wattson",NULL,"1","1987-12-01","0",NULL,NULL,NULL,NULL,NULL,NULL,NULL,"0",NULL,"2016-01-07 03:53:13"
"51","Individual",NULL,"0","0","0","0","1","0",NULL,NULL,"Roberts, Laree","Laree Roberts",NULL,NULL,NULL,"3",NULL,"Both","3314820485",NULL,"Sample Data","Laree",,"Roberts",NULL,NULL,NULL,NULL,"1",NULL,"Dear Laree","1",NULL,"Dear Laree","1",NULL,"Laree Roberts",NULL,"1",NULL,"0",NULL,NULL,NULL,NULL,NULL,NULL,NULL,"0",NULL,"2016-01-07 03:53:13"
"52","Organization",NULL,"0","0","0","0","0","0",NULL,NULL,"Pennsylvania Technology School","Pennsylvania Technology School",NULL,NULL,NULL,"3",NULL,"Both","347449904",NULL,"Sample Data",NULL,NULL,NULL,NULL,NULL,NULL,NULL,NULL,NULL,NULL,NULL,NULL,NULL,"3",NULL,"Pennsylvania Technology School",NULL,NULL,NULL,"0",NULL,NULL,"124","Pennsylvania Technology School",NULL,NULL,NULL,"0",NULL,"2016-01-07 03:53:13"
"53","Individual",NULL,"0","1","0","0","0","0",NULL,NULL,"Nielsen, Andrew","Andrew Nielsen",NULL,NULL,NULL,"5",NULL,"Both","2655191237",NULL,"Sample Data","Andrew","X","Nielsen",NULL,NULL,NULL,NULL,"1",NULL,"Dear Andrew","1",NULL,"Dear Andrew","1",NULL,"Andrew Nielsen",NULL,"2","1931-10-23","1","2015-01-28",NULL,NULL,NULL,NULL,NULL,NULL,"0",NULL,"2016-01-07 03:53:13"
"54","Organization",NULL,"0","0","0","0","0","0",NULL,NULL,"Rural Sports Partners","Rural Sports Partners",NULL,NULL,NULL,"1",NULL,"Both","1025429892",NULL,"Sample Data",NULL,NULL,NULL,NULL,NULL,NULL,NULL,NULL,NULL,NULL,NULL,NULL,NULL,"3",NULL,"Rural Sports Partners",NULL,NULL,NULL,"0",NULL,NULL,"112","Rural Sports Partners",NULL,NULL,NULL,"0",NULL,"2016-01-07 03:53:13"
"55","Individual",NULL,"1","0","0","0","0","0",NULL,NULL,"Łąchowski, Ashlie","Ashlie Łąchowski",NULL,NULL,NULL,NULL,NULL,"Both","3338606881",NULL,"Sample Data","Ashlie","L","Łąchowski",NULL,NULL,NULL,NULL,"1",NULL,"Dear Ashlie","1",NULL,"Dear Ashlie","1",NULL,"Ashlie Łąchowski",NULL,"1","1996-09-09","0",NULL,NULL,NULL,NULL,NULL,NULL,NULL,"0",NULL,"2016-01-07 03:53:13"
"56","Organization",NULL,"0","0","0","0","0","0",NULL,NULL,"Second Culture School","Second Culture School",NULL,NULL,NULL,NULL,NULL,"Both","542656891",NULL,"Sample Data",NULL,NULL,NULL,NULL,NULL,NULL,NULL,NULL,NULL,NULL,NULL,NULL,NULL,"3",NULL,"Second Culture School",NULL,NULL,NULL,"0",NULL,NULL,"30","Second Culture School",NULL,NULL,NULL,"0",NULL,"2016-01-07 03:53:13"
"57","Individual",NULL,"0","0","0","0","1","0",NULL,NULL,"Adams, Omar","Mr. Omar Adams",NULL,NULL,NULL,"5",NULL,"Both","2298579285",NULL,"Sample Data","Omar","N","Adams","3",NULL,NULL,NULL,"1",NULL,"Dear Omar","1",NULL,"Dear Omar","1",NULL,"Mr. Omar Adams",NULL,"2",NULL,"1","2015-05-04",NULL,NULL,NULL,NULL,NULL,NULL,"0",NULL,"2016-01-07 03:53:12"
"58","Household",NULL,"0","0","0","0","0","0",NULL,NULL,"Jensen-Nielsen family","Jensen-Nielsen family",NULL,NULL,NULL,"2",NULL,"Both","3121116530",NULL,"Sample Data",NULL,NULL,NULL,NULL,NULL,NULL,NULL,"5",NULL,"Dear Jensen-Nielsen family","5",NULL,"Dear Jensen-Nielsen family","2",NULL,"Jensen-Nielsen family",NULL,NULL,NULL,"0",NULL,"Jensen-Nielsen family",NULL,NULL,NULL,NULL,NULL,"0",NULL,"2016-01-07 03:53:13"
"59","Individual",NULL,"0","0","0","0","1","0",NULL,NULL,"Wattson, Rebekah","Rebekah Wattson",NULL,NULL,NULL,NULL,NULL,"Both","289475581",NULL,"Sample Data","Rebekah","H","Wattson",NULL,NULL,NULL,NULL,"1",NULL,"Dear Rebekah","1",NULL,"Dear Rebekah","1",NULL,"Rebekah Wattson",NULL,NULL,"1957-12-06","0",NULL,NULL,NULL,NULL,NULL,NULL,NULL,"0",NULL,"2016-01-07 03:53:13"
"60","Individual",NULL,"0","0","0","0","0","0",NULL,NULL,"Grant, Merrie","Ms. Merrie Grant",NULL,NULL,NULL,"4",NULL,"Both","1746149346",NULL,"Sample Data","Merrie",,"Grant","2",NULL,NULL,NULL,"1",NULL,"Dear Merrie","1",NULL,"Dear Merrie","1",NULL,"Ms. Merrie Grant",NULL,NULL,"1946-06-25","0",NULL,NULL,NULL,NULL,NULL,NULL,NULL,"0",NULL,"2016-01-07 03:53:13"
"61","Individual",NULL,"1","0","0","0","1","0",NULL,NULL,"Jameson, Elizabeth","Mrs. Elizabeth Jameson",NULL,NULL,NULL,"5",NULL,"Both","324666225",NULL,"Sample Data","Elizabeth",,"Jameson","1",NULL,NULL,NULL,"1",NULL,"Dear Elizabeth","1",NULL,"Dear Elizabeth","1",NULL,"Mrs. Elizabeth Jameson",NULL,NULL,"1994-10-17","0",NULL,NULL,NULL,NULL,NULL,NULL,NULL,"0",NULL,"2016-01-07 03:53:13"
"62","Individual",NULL,"0","0","0","0","0","0",NULL,NULL,"Nielsen, Valene","Valene Nielsen",NULL,NULL,NULL,"4",NULL,"Both","3461386414",NULL,"Sample Data","Valene",,"Nielsen",NULL,NULL,NULL,NULL,"1",NULL,"Dear Valene","1",NULL,"Dear Valene","1",NULL,"Valene Nielsen",NULL,"1","1958-05-20","0",NULL,NULL,NULL,NULL,NULL,NULL,NULL,"0",NULL,"2016-01-07 03:53:13"
"63","Individual",NULL,"0","0","0","0","0","0",NULL,NULL,"Jones, Roland","Roland Jones Sr.",NULL,NULL,NULL,"2",NULL,"Both","2619785805",NULL,"Sample Data","Roland",,"Jones",NULL,"2",NULL,NULL,"1",NULL,"Dear Roland","1",NULL,"Dear Roland","1",NULL,"Roland Jones Sr.",NULL,NULL,NULL,"0",NULL,NULL,NULL,NULL,NULL,NULL,NULL,"0",NULL,"2016-01-07 03:53:12"
"64","Individual",NULL,"0","0","0","0","0","0",NULL,NULL,"Robertson, Shauna","Mrs. Shauna Robertson",NULL,NULL,NULL,NULL,NULL,"Both","2123826543",NULL,"Sample Data","Shauna",,"Robertson","1",NULL,NULL,NULL,"1",NULL,"Dear Shauna","1",NULL,"Dear Shauna","1",NULL,"Mrs. Shauna Robertson",NULL,"1",NULL,"0",NULL,NULL,NULL,NULL,NULL,NULL,NULL,"0",NULL,"2016-01-07 03:53:12"
"65","Individual",NULL,"0","0","0","0","0","0",NULL,NULL,"Jensen-Nielsen, Ashley","Ashley Jensen-Nielsen",NULL,NULL,NULL,"3",NULL,"Both","3014229393",NULL,"Sample Data","Ashley","I","Jensen-Nielsen",NULL,NULL,NULL,NULL,"1",NULL,"Dear Ashley","1",NULL,"Dear Ashley","1",NULL,"Ashley Jensen-Nielsen",NULL,"1","2004-02-10","0",NULL,NULL,NULL,NULL,NULL,NULL,NULL,"0",NULL,"2016-01-07 03:53:13"
"66","Organization",NULL,"0","0","0","0","0","0",NULL,NULL,"Idaho Software Systems","Idaho Software Systems",NULL,NULL,NULL,NULL,NULL,"Both","3157945083",NULL,"Sample Data",NULL,NULL,NULL,NULL,NULL,NULL,NULL,NULL,NULL,NULL,NULL,NULL,NULL,"3",NULL,"Idaho Software Systems",NULL,NULL,NULL,"0",NULL,NULL,"17","Idaho Software Systems",NULL,NULL,NULL,"0",NULL,"2016-01-07 03:53:13"
"67","Organization",NULL,"0","0","0","0","0","0",NULL,NULL,"Friends Music Academy","Friends Music Academy",NULL,NULL,NULL,"5",NULL,"Both","2929755052",NULL,"Sample Data",NULL,NULL,NULL,NULL,NULL,NULL,NULL,NULL,NULL,NULL,NULL,NULL,NULL,"3",NULL,"Friends Music Academy",NULL,NULL,NULL,"0",NULL,NULL,NULL,"Friends Music Academy",NULL,NULL,NULL,"0",NULL,"2016-01-07 03:53:13"
"68","Household",NULL,"0","0","0","0","1","0",NULL,NULL,"Roberts family","Roberts family",NULL,NULL,NULL,NULL,NULL,"Both","2097305882",NULL,"Sample Data",NULL,NULL,NULL,NULL,NULL,NULL,NULL,"5",NULL,"Dear Roberts family","5",NULL,"Dear Roberts family","2",NULL,"Roberts family",NULL,NULL,NULL,"0",NULL,"Roberts family",NULL,NULL,NULL,NULL,NULL,"0",NULL,"2016-01-07 03:53:13"
"69","Individual",NULL,"0","0","0","0","0","0",NULL,NULL,"Jensen-Wattson, Eleonor","Dr. Eleonor Jensen-Wattson",NULL,NULL,NULL,"3",NULL,"Both","341204200",NULL,"Sample Data","Eleonor","A","Jensen-Wattson","4",NULL,NULL,NULL,"1",NULL,"Dear Eleonor","1",NULL,"Dear Eleonor","1",NULL,"Dr. Eleonor Jensen-Wattson",NULL,"1","1988-04-12","0",NULL,NULL,NULL,NULL,NULL,NULL,NULL,"0",NULL,"2016-01-07 03:53:13"
"70","Individual",NULL,"0","0","0","0","0","0",NULL,NULL,"Terrell, Carlos","Carlos Terrell III",NULL,NULL,NULL,"4",NULL,"Both","2130082917",NULL,"Sample Data","Carlos","Z","Terrell",NULL,"4",NULL,NULL,"1",NULL,"Dear Carlos","1",NULL,"Dear Carlos","1",NULL,"Carlos Terrell III",NULL,"2","1983-05-22","0",NULL,NULL,NULL,NULL,NULL,NULL,NULL,"0",NULL,"2016-01-07 03:53:13"
"71","Individual",NULL,"0","0","0","0","0","0",NULL,NULL,"Yadav, Beula","Beula Yadav",NULL,NULL,NULL,"5",NULL,"Both","852214760",NULL,"Sample Data","Beula","E","Yadav",NULL,NULL,NULL,NULL,"1",NULL,"Dear Beula","1",NULL,"Dear Beula","1",NULL,"Beula Yadav",NULL,NULL,"1980-05-25","0",NULL,NULL,NULL,NULL,NULL,NULL,NULL,"0",NULL,"2016-01-07 03:53:13"
"72","Household",NULL,"0","0","0","0","0","0",NULL,NULL,"Jameson family","Jameson family",NULL,NULL,NULL,NULL,NULL,"Both","2255649769",NULL,"Sample Data",NULL,NULL,NULL,NULL,NULL,NULL,NULL,"5",NULL,"Dear Jameson family","5",NULL,"Dear Jameson family","2",NULL,"Jameson family",NULL,NULL,NULL,"0",NULL,"Jameson family",NULL,NULL,NULL,NULL,NULL,"0",NULL,"2016-01-07 03:53:13"
"73","Individual",NULL,"0","0","0","0","0","0",NULL,NULL,"ro.chowski70@sample.co.pl","ro.chowski70@sample.co.pl",NULL,NULL,NULL,"3",NULL,"Both","1930230796",NULL,"Sample Data",NULL,NULL,NULL,NULL,"3",NULL,NULL,"1",NULL,"Dear ro.chowski70@sample.co.pl","1",NULL,"Dear ro.chowski70@sample.co.pl","1",NULL,"ro.chowski70@sample.co.pl",NULL,NULL,NULL,"0",NULL,NULL,NULL,NULL,NULL,NULL,NULL,"0",NULL,"2016-01-07 03:53:13"
"74","Household",NULL,"0","1","0","0","0","0",NULL,NULL,"Wilson family","Wilson family",NULL,NULL,NULL,NULL,NULL,"Both","350510798",NULL,"Sample Data",NULL,NULL,NULL,NULL,NULL,NULL,NULL,"5",NULL,"Dear Wilson family","5",NULL,"Dear Wilson family","2",NULL,"Wilson family",NULL,NULL,NULL,"0",NULL,"Wilson family",NULL,NULL,NULL,NULL,NULL,"0",NULL,"2016-01-07 03:53:13"
"75","Individual",NULL,"0","0","0","0","0","0",NULL,NULL,"Deforest, Irvin","Irvin Deforest",NULL,NULL,NULL,"5",NULL,"Both","3462644377",NULL,"Sample Data","Irvin",,"Deforest",NULL,NULL,NULL,NULL,"1",NULL,"Dear Irvin","1",NULL,"Dear Irvin","1",NULL,"Irvin Deforest",NULL,NULL,"1980-09-26","0",NULL,NULL,NULL,NULL,NULL,NULL,NULL,"0",NULL,"2016-01-07 03:53:13"
"76","Individual",NULL,"0","1","0","0","0","0",NULL,NULL,"Wilson, Erik","Erik Wilson",NULL,NULL,NULL,"1",NULL,"Both","3965179222",NULL,"Sample Data","Erik",,"Wilson",NULL,NULL,NULL,NULL,"1",NULL,"Dear Erik","1",NULL,"Dear Erik","1",NULL,"Erik Wilson",NULL,NULL,NULL,"1","2015-12-09",NULL,NULL,NULL,NULL,NULL,NULL,"0",NULL,"2016-01-07 03:53:13"
"77","Individual",NULL,"0","1","0","0","0","0",NULL,NULL,"Smith, Nicole","Nicole Smith",NULL,NULL,NULL,"5",NULL,"Both","1624607505",NULL,"Sample Data","Nicole","P","Smith",NULL,NULL,NULL,NULL,"1",NULL,"Dear Nicole","1",NULL,"Dear Nicole","1",NULL,"Nicole Smith",NULL,"1","1979-05-15","0",NULL,NULL,NULL,NULL,NULL,NULL,NULL,"0",NULL,"2016-01-07 03:53:13"
"78","Individual",NULL,"1","0","0","0","0","0",NULL,NULL,"Jensen, Andrew","Mr. Andrew Jensen",NULL,NULL,NULL,NULL,NULL,"Both","3801995889",NULL,"Sample Data","Andrew",,"Jensen","3",NULL,NULL,NULL,"1",NULL,"Dear Andrew","1",NULL,"Dear Andrew","1",NULL,"Mr. Andrew Jensen",NULL,"2",NULL,"0",NULL,NULL,NULL,NULL,NULL,NULL,NULL,"0",NULL,"2016-01-07 03:53:13"
"79","Organization",NULL,"1","1","0","0","0","0",NULL,NULL,"Sierra Education Initiative","Sierra Education Initiative",NULL,NULL,NULL,"4",NULL,"Both","634416133",NULL,"Sample Data",NULL,NULL,NULL,NULL,NULL,NULL,NULL,NULL,NULL,NULL,NULL,NULL,NULL,"3",NULL,"Sierra Education Initiative",NULL,NULL,NULL,"0",NULL,NULL,NULL,"Sierra Education Initiative",NULL,NULL,NULL,"0",NULL,"2016-01-07 03:53:13"
"80","Individual",NULL,"0","0","0","0","0","0",NULL,NULL,"McReynolds, Irvin","Dr. Irvin McReynolds",NULL,NULL,NULL,"1",NULL,"Both","3128377290",NULL,"Sample Data","Irvin","C","McReynolds","4",NULL,NULL,NULL,"1",NULL,"Dear Irvin","1",NULL,"Dear Irvin","1",NULL,"Dr. Irvin McReynolds",NULL,"2",NULL,"0",NULL,NULL,NULL,NULL,NULL,NULL,NULL,"0",NULL,"2016-01-07 03:53:13"
"81","Individual",NULL,"0","0","0","0","0","0",NULL,NULL,"Grant, Allan","Dr. Allan Grant",NULL,NULL,NULL,NULL,NULL,"Both","2534249041",NULL,"Sample Data","Allan",,"Grant","4",NULL,NULL,NULL,"1",NULL,"Dear Allan","1",NULL,"Dear Allan","1",NULL,"Dr. Allan Grant",NULL,NULL,"1986-11-03","0",NULL,NULL,NULL,NULL,NULL,NULL,NULL,"0",NULL,"2016-01-07 03:53:13"
"82","Organization",NULL,"1","0","0","0","1","0",NULL,NULL,"North Carolina Software Partners","North Carolina Software Partners",NULL,NULL,NULL,NULL,NULL,"Both","3966005175",NULL,"Sample Data",NULL,NULL,NULL,NULL,NULL,NULL,NULL,NULL,NULL,NULL,NULL,NULL,NULL,"3",NULL,"North Carolina Software Partners",NULL,NULL,NULL,"0",NULL,NULL,"133","North Carolina Software Partners",NULL,NULL,NULL,"0",NULL,"2016-01-07 03:53:13"
"83","Individual",NULL,"0","0","0","0","0","0",NULL,NULL,"Wagner, Irvin","Dr. Irvin Wagner III",NULL,NULL,NULL,"5",NULL,"Both","1394032144",NULL,"Sample Data","Irvin",,"Wagner","4","4",NULL,NULL,"1",NULL,"Dear Irvin","1",NULL,"Dear Irvin","1",NULL,"Dr. Irvin Wagner III",NULL,"2","1975-06-20","0",NULL,NULL,NULL,NULL,NULL,NULL,NULL,"0",NULL,"2016-01-07 03:53:13"
"84","Individual",NULL,"0","0","0","0","0","0",NULL,NULL,"Nielsen, Clint","Clint Nielsen",NULL,NULL,NULL,NULL,NULL,"Both","2083087169",NULL,"Sample Data","Clint",,"Nielsen",NULL,NULL,NULL,NULL,"1",NULL,"Dear Clint","1",NULL,"Dear Clint","1",NULL,"Clint Nielsen",NULL,"2","1982-08-08","0",NULL,NULL,NULL,NULL,NULL,NULL,NULL,"0",NULL,"2016-01-07 03:53:13"
"85","Individual",NULL,"0","0","0","0","0","0",NULL,NULL,"Wattson, Omar","Omar Wattson",NULL,NULL,NULL,NULL,NULL,"Both","2457180487",NULL,"Sample Data","Omar","Q","Wattson",NULL,NULL,NULL,NULL,"1",NULL,"Dear Omar","1",NULL,"Dear Omar","1",NULL,"Omar Wattson",NULL,"2",NULL,"0",NULL,NULL,NULL,NULL,NULL,NULL,NULL,"0",NULL,"2016-01-07 03:53:12"
"86","Individual",NULL,"0","0","0","0","0","0",NULL,NULL,"Samson, Allen","Mr. Allen Samson Jr.",NULL,NULL,NULL,NULL,NULL,"Both","551135847",NULL,"Sample Data","Allen","U","Samson","3","1",NULL,NULL,"1",NULL,"Dear Allen","1",NULL,"Dear Allen","1",NULL,"Mr. Allen Samson Jr.",NULL,"2",NULL,"0",NULL,NULL,NULL,NULL,NULL,NULL,NULL,"0",NULL,"2016-01-07 03:53:13"
"87","Individual",NULL,"0","0","0","0","0","0",NULL,NULL,"alidacooper@airmail.biz","alidacooper@airmail.biz",NULL,NULL,NULL,"1",NULL,"Both","3734754853",NULL,"Sample Data",NULL,NULL,NULL,NULL,NULL,NULL,NULL,"1",NULL,"Dear alidacooper@airmail.biz","1",NULL,"Dear alidacooper@airmail.biz","1",NULL,"alidacooper@airmail.biz",NULL,NULL,NULL,"0",NULL,NULL,NULL,NULL,NULL,NULL,NULL,"0",NULL,"2016-01-07 03:53:13"
"88","Individual",NULL,"0","0","0","0","0","0",NULL,NULL,"Patel, Margaret","Mrs. Margaret Patel",NULL,NULL,NULL,NULL,NULL,"Both","1725329639",NULL,"Sample Data","Margaret","E","Patel","1",NULL,NULL,NULL,"1",NULL,"Dear Margaret","1",NULL,"Dear Margaret","1",NULL,"Mrs. Margaret Patel",NULL,"1","1985-01-10","0",NULL,NULL,NULL,NULL,NULL,NULL,NULL,"0",NULL,"2016-01-07 03:53:13"
"89","Organization",NULL,"0","0","0","0","1","0",NULL,NULL,"Global Environmental Partners","Global Environmental Partners",NULL,NULL,NULL,NULL,NULL,"Both","566295677",NULL,"Sample Data",NULL,NULL,NULL,NULL,NULL,NULL,NULL,NULL,NULL,NULL,NULL,NULL,NULL,"3",NULL,"Global Environmental Partners",NULL,NULL,NULL,"0",NULL,NULL,"44","Global Environmental Partners",NULL,NULL,NULL,"0",NULL,"2016-01-07 03:53:13"
"90","Individual",NULL,"0","0","0","0","0","0",NULL,NULL,"Olsen, Eleonor","Eleonor Olsen",NULL,NULL,NULL,NULL,NULL,"Both","933240060",NULL,"Sample Data","Eleonor","V","Olsen",NULL,NULL,NULL,NULL,"1",NULL,"Dear Eleonor","1",NULL,"Dear Eleonor","1",NULL,"Eleonor Olsen",NULL,NULL,"1984-06-24","0",NULL,NULL,NULL,NULL,NULL,NULL,NULL,"0",NULL,"2016-01-07 03:53:13"
"91","Organization",NULL,"0","1","0","0","0","0",NULL,NULL,"Main Family Network","Main Family Network",NULL,NULL,NULL,NULL,NULL,"Both","2154149143",NULL,"Sample Data",NULL,NULL,NULL,NULL,NULL,NULL,NULL,NULL,NULL,NULL,NULL,NULL,NULL,"3",NULL,"Main Family Network",NULL,NULL,NULL,"0",NULL,NULL,"172","Main Family Network",NULL,NULL,NULL,"0",NULL,"2016-01-07 03:53:13"
"92","Individual",NULL,"0","1","0","0","1","0",NULL,NULL,"Terrell, Ashley","Ashley Terrell",NULL,NULL,NULL,NULL,NULL,"Both","209760227",NULL,"Sample Data","Ashley","E","Terrell",NULL,NULL,NULL,NULL,"1",NULL,"Dear Ashley","1",NULL,"Dear Ashley","1",NULL,"Ashley Terrell",NULL,NULL,"2001-12-19","0",NULL,NULL,NULL,NULL,NULL,NULL,NULL,"0",NULL,"2016-01-07 03:53:13"
"93","Individual",NULL,"0","0","0","0","0","0",NULL,NULL,"Parker, Merrie","Mrs. Merrie Parker",NULL,NULL,NULL,"2",NULL,"Both","3944654315",NULL,"Sample Data","Merrie","V","Parker","1",NULL,NULL,NULL,"1",NULL,"Dear Merrie","1",NULL,"Dear Merrie","1",NULL,"Mrs. Merrie Parker",NULL,"1","1983-10-29","0",NULL,NULL,NULL,NULL,NULL,NULL,NULL,"0",NULL,"2016-01-07 03:53:13"
"94","Individual",NULL,"1","0","0","0","0","0",NULL,NULL,"Deforest, Heidi","Ms. Heidi Deforest",NULL,NULL,NULL,"1",NULL,"Both","41782188",NULL,"Sample Data","Heidi",,"Deforest","2",NULL,NULL,NULL,"1",NULL,"Dear Heidi","1",NULL,"Dear Heidi","1",NULL,"Ms. Heidi Deforest",NULL,"1",NULL,"0",NULL,NULL,NULL,NULL,NULL,NULL,NULL,"0",NULL,"2016-01-07 03:53:13"
"95","Organization",NULL,"0","0","0","0","0","0",NULL,NULL,"Kenney Literacy Systems","Kenney Literacy Systems",NULL,NULL,NULL,"4",NULL,"Both","1816434004",NULL,"Sample Data",NULL,NULL,NULL,NULL,NULL,NULL,NULL,NULL,NULL,NULL,NULL,NULL,NULL,"3",NULL,"Kenney Literacy Systems",NULL,NULL,NULL,"0",NULL,NULL,NULL,"Kenney Literacy Systems",NULL,NULL,NULL,"0",NULL,"2016-01-07 03:53:13"
"96","Organization",NULL,"0","0","0","0","0","0",NULL,NULL,"Global Education Services","Global Education Services",NULL,NULL,NULL,"1",NULL,"Both","3545214926",NULL,"Sample Data",NULL,NULL,NULL,NULL,NULL,NULL,NULL,NULL,NULL,NULL,NULL,NULL,NULL,"3",NULL,"Global Education Services",NULL,NULL,NULL,"0",NULL,NULL,"8","Global Education Services",NULL,NULL,NULL,"0",NULL,"2016-01-07 03:53:13"
"97","Individual",NULL,"0","1","0","0","1","0",NULL,NULL,"Ivanov-Roberts, Rebekah","Rebekah Ivanov-Roberts",NULL,NULL,NULL,NULL,NULL,"Both","896620719",NULL,"Sample Data","Rebekah","N","Ivanov-Roberts",NULL,NULL,NULL,NULL,"1",NULL,"Dear Rebekah","1",NULL,"Dear Rebekah","1",NULL,"Rebekah Ivanov-Roberts",NULL,NULL,NULL,"0",NULL,NULL,NULL,NULL,NULL,NULL,NULL,"0",NULL,"2016-01-07 03:53:13"
"98","Individual",NULL,"1","1","0","0","0","0",NULL,NULL,"González, Heidi","Heidi González",NULL,NULL,NULL,"3",NULL,"Both","2229277",NULL,"Sample Data","Heidi","G","González",NULL,NULL,NULL,NULL,"1",NULL,"Dear Heidi","1",NULL,"Dear Heidi","1",NULL,"Heidi González",NULL,"1",NULL,"0",NULL,NULL,NULL,NULL,NULL,NULL,NULL,"0",NULL,"2016-01-07 03:53:12"
"99","Household",NULL,"1","0","0","0","0","0",NULL,NULL,"Samuels family","Samuels family",NULL,NULL,NULL,NULL,NULL,"Both","350459294",NULL,"Sample Data",NULL,NULL,NULL,NULL,NULL,NULL,NULL,"5",NULL,"Dear Samuels family","5",NULL,"Dear Samuels family","2",NULL,"Samuels family",NULL,NULL,NULL,"0",NULL,"Samuels family",NULL,NULL,NULL,NULL,NULL,"0",NULL,"2016-01-07 03:53:13"
"100","Individual",NULL,"1","0","0","0","0","0",NULL,NULL,"Grant, Angelika","Angelika Grant",NULL,NULL,NULL,"2",NULL,"Both","4136801675",NULL,"Sample Data","Angelika","W","Grant",NULL,NULL,NULL,NULL,"1",NULL,"Dear Angelika","1",NULL,"Dear Angelika","1",NULL,"Angelika Grant",NULL,"1","1961-02-14","1",NULL,NULL,NULL,NULL,NULL,NULL,NULL,"0",NULL,"2016-01-07 03:53:13"
"101","Individual",NULL,"0","1","0","0","0","0",NULL,NULL,"Díaz, Rolando","Dr. Rolando Díaz",NULL,NULL,NULL,"5",NULL,"Both","775772314",NULL,"Sample Data","Rolando","H","Díaz","4",NULL,NULL,NULL,"1",NULL,"Dear Rolando","1",NULL,"Dear Rolando","1",NULL,"Dr. Rolando Díaz",NULL,"2","1940-01-02","1","2015-05-02",NULL,NULL,NULL,NULL,NULL,NULL,"0",NULL,"2016-01-07 03:53:13"
"102","Household",NULL,"1","0","0","0","0","0",NULL,NULL,"Olsen family","Olsen family",NULL,NULL,NULL,NULL,NULL,"Both","1990073228",NULL,"Sample Data",NULL,NULL,NULL,NULL,NULL,NULL,NULL,"5",NULL,"Dear Olsen family","5",NULL,"Dear Olsen family","2",NULL,"Olsen family",NULL,NULL,NULL,"0",NULL,"Olsen family",NULL,NULL,NULL,NULL,NULL,"0",NULL,"2016-01-07 03:53:13"
"103","Individual",NULL,"1","0","0","0","1","0",NULL,NULL,"Bachman, Princess","Dr. Princess Bachman",NULL,NULL,NULL,"4",NULL,"Both","2581077622",NULL,"Sample Data","Princess","O","Bachman","4",NULL,NULL,NULL,"1",NULL,"Dear Princess","1",NULL,"Dear Princess","1",NULL,"Dr. Princess Bachman",NULL,NULL,NULL,"0",NULL,NULL,NULL,NULL,NULL,NULL,NULL,"0",NULL,"2016-01-07 03:53:13"
"104","Individual",NULL,"0","0","0","0","0","0",NULL,NULL,"Müller, Toby","Toby Müller Jr.",NULL,NULL,NULL,"3",NULL,"Both","3713504892",NULL,"Sample Data","Toby",,"Müller",NULL,"1",NULL,NULL,"1",NULL,"Dear Toby","1",NULL,"Dear Toby","1",NULL,"Toby Müller Jr.",NULL,NULL,"2003-11-29","0",NULL,NULL,NULL,NULL,NULL,NULL,NULL,"0",NULL,"2016-01-07 03:53:13"
"105","Individual",NULL,"1","0","0","0","0","0",NULL,NULL,"Deforest, Maxwell","Maxwell Deforest",NULL,NULL,NULL,NULL,NULL,"Both","1808949889",NULL,"Sample Data","Maxwell","Y","Deforest",NULL,NULL,NULL,NULL,"1",NULL,"Dear Maxwell","1",NULL,"Dear Maxwell","1",NULL,"Maxwell Deforest",NULL,"2","1964-12-07","1","2015-06-16",NULL,NULL,NULL,NULL,NULL,NULL,"0",NULL,"2016-01-07 03:53:13"
"106","Individual",NULL,"0","0","0","0","0","0",NULL,NULL,"Wilson-Ivanov, Herminia","Mrs. Herminia Wilson-Ivanov",NULL,NULL,NULL,"3",NULL,"Both","357358295",NULL,"Sample Data","Herminia",,"Wilson-Ivanov","1",NULL,NULL,NULL,"1",NULL,"Dear Herminia","1",NULL,"Dear Herminia","1",NULL,"Mrs. Herminia Wilson-Ivanov",NULL,"1","1948-03-30","1","2015-06-25",NULL,NULL,NULL,NULL,NULL,NULL,"0",NULL,"2016-01-07 03:53:13"
"107","Individual",NULL,"0","0","0","0","0","0",NULL,NULL,"Wilson, Kathleen","Mrs. Kathleen Wilson",NULL,NULL,NULL,NULL,NULL,"Both","773746752",NULL,"Sample Data","Kathleen","N","Wilson","1",NULL,NULL,NULL,"1",NULL,"Dear Kathleen","1",NULL,"Dear Kathleen","1",NULL,"Mrs. Kathleen Wilson",NULL,"1","1943-12-04","1","2015-03-03",NULL,NULL,NULL,NULL,NULL,NULL,"0",NULL,"2016-01-07 03:53:13"
"108","Individual",NULL,"1","0","0","0","0","0",NULL,NULL,"Parker, Josefa","Josefa Parker",NULL,NULL,NULL,NULL,NULL,"Both","2643167156",NULL,"Sample Data","Josefa",,"Parker",NULL,NULL,NULL,NULL,"1",NULL,"Dear Josefa","1",NULL,"Dear Josefa","1",NULL,"Josefa Parker",NULL,"1","1991-04-08","0",NULL,NULL,NULL,NULL,NULL,NULL,NULL,"0",NULL,"2016-01-07 03:53:13"
"109","Individual",NULL,"0","0","0","0","0","0",NULL,NULL,"Jensen, Claudio","Claudio Jensen Jr.",NULL,NULL,NULL,NULL,NULL,"Both","1913396535",NULL,"Sample Data","Claudio",,"Jensen",NULL,"1",NULL,NULL,"1",NULL,"Dear Claudio","1",NULL,"Dear Claudio","1",NULL,"Claudio Jensen Jr.",NULL,"2",NULL,"0",NULL,NULL,NULL,NULL,NULL,NULL,NULL,"0",NULL,"2016-01-07 03:53:13"
"110","Individual",NULL,"0","0","0","0","0","0",NULL,NULL,"Ivanov, Lawerence","Lawerence Ivanov Jr.",NULL,NULL,NULL,"3",NULL,"Both","268329993",NULL,"Sample Data","Lawerence","A","Ivanov",NULL,"1",NULL,NULL,"1",NULL,"Dear Lawerence","1",NULL,"Dear Lawerence","1",NULL,"Lawerence Ivanov Jr.",NULL,"2","1979-08-13","0",NULL,NULL,NULL,NULL,NULL,NULL,NULL,"0",NULL,"2016-01-07 03:53:13"
"111","Individual",NULL,"1","0","0","0","0","0",NULL,NULL,"Díaz, Herminia","Herminia Díaz",NULL,NULL,NULL,"5",NULL,"Both","2340298735",NULL,"Sample Data","Herminia","F","Díaz",NULL,NULL,NULL,NULL,"1",NULL,"Dear Herminia","1",NULL,"Dear Herminia","1",NULL,"Herminia Díaz",NULL,"1","1978-01-21","0",NULL,NULL,NULL,NULL,NULL,NULL,NULL,"0",NULL,"2016-01-07 03:53:13"
"112","Individual",NULL,"0","0","0","0","0","0",NULL,NULL,"Grant, Juliann","Juliann Grant",NULL,NULL,NULL,NULL,NULL,"Both","1161460098",NULL,"Sample Data","Juliann",,"Grant",NULL,NULL,NULL,NULL,"1",NULL,"Dear Juliann","1",NULL,"Dear Juliann","1",NULL,"Juliann Grant",NULL,NULL,NULL,"1","2015-09-09",NULL,NULL,"Rural Sports Partners",NULL,NULL,"54","0",NULL,"2016-01-07 03:53:13"
"113","Individual",NULL,"0","0","0","0","0","0",NULL,NULL,"merrieparker@mymail.co.uk","merrieparker@mymail.co.uk",NULL,NULL,NULL,NULL,NULL,"Both","3526472135",NULL,"Sample Data",NULL,NULL,NULL,NULL,NULL,NULL,NULL,"1",NULL,"Dear merrieparker@mymail.co.uk","1",NULL,"Dear merrieparker@mymail.co.uk","1",NULL,"merrieparker@mymail.co.uk",NULL,NULL,NULL,"0",NULL,NULL,NULL,NULL,NULL,NULL,NULL,"0",NULL,"2016-01-07 03:53:13"
"114","Individual",NULL,"0","0","0","0","0","0",NULL,NULL,"Wilson-Barkley, Angelika","Angelika Wilson-Barkley",NULL,NULL,NULL,NULL,NULL,"Both","1410361762",NULL,"Sample Data","Angelika","W","Wilson-Barkley",NULL,NULL,NULL,NULL,"1",NULL,"Dear Angelika","1",NULL,"Dear Angelika","1",NULL,"Angelika Wilson-Barkley",NULL,NULL,NULL,"0",NULL,NULL,NULL,"Mooresburg Health Solutions",NULL,NULL,"119","0",NULL,"2016-01-07 03:53:13"
"115","Organization",NULL,"0","0","0","0","0","0",NULL,NULL,"Florida Family Center","Florida Family Center",NULL,NULL,NULL,NULL,NULL,"Both","3129037761",NULL,"Sample Data",NULL,NULL,NULL,NULL,NULL,NULL,NULL,NULL,NULL,NULL,NULL,NULL,NULL,"3",NULL,"Florida Family Center",NULL,NULL,NULL,"0",NULL,NULL,"47","Florida Family Center",NULL,NULL,NULL,"0",NULL,"2016-01-07 03:53:13"
"116","Individual",NULL,"0","1","0","0","0","0",NULL,NULL,"Grant, Daren","Daren Grant",NULL,NULL,NULL,NULL,NULL,"Both","3746795138",NULL,"Sample Data","Daren","N","Grant",NULL,NULL,NULL,NULL,"1",NULL,"Dear Daren","1",NULL,"Dear Daren","1",NULL,"Daren Grant",NULL,"2","1971-01-06","0",NULL,NULL,NULL,NULL,NULL,NULL,NULL,"0",NULL,"2016-01-07 03:53:13"
"117","Individual",NULL,"0","1","0","0","0","0",NULL,NULL,"Samson, Nicole","Ms. Nicole Samson",NULL,NULL,NULL,"1",NULL,"Both","1649974700",NULL,"Sample Data","Nicole",,"Samson","2",NULL,NULL,NULL,"1",NULL,"Dear Nicole","1",NULL,"Dear Nicole","1",NULL,"Ms. Nicole Samson",NULL,NULL,NULL,"0",NULL,NULL,NULL,NULL,NULL,NULL,NULL,"0",NULL,"2016-01-07 03:53:13"
"118","Individual",NULL,"0","0","0","0","0","0",NULL,NULL,"Prentice, Shad","Shad Prentice",NULL,NULL,NULL,NULL,NULL,"Both","237577358",NULL,"Sample Data","Shad",,"Prentice",NULL,NULL,NULL,NULL,"1",NULL,"Dear Shad","1",NULL,"Dear Shad","1",NULL,"Shad Prentice",NULL,"2","1980-01-04","0",NULL,NULL,NULL,NULL,NULL,NULL,NULL,"0",NULL,"2016-01-07 03:53:13"
"119","Organization",NULL,"0","0","0","0","0","0",NULL,NULL,"Mooresburg Health Solutions","Mooresburg Health Solutions",NULL,NULL,NULL,"5",NULL,"Both","1754750469",NULL,"Sample Data",NULL,NULL,NULL,NULL,NULL,NULL,NULL,NULL,NULL,NULL,NULL,NULL,NULL,"3",NULL,"Mooresburg Health Solutions",NULL,NULL,NULL,"0",NULL,NULL,"114","Mooresburg Health Solutions",NULL,NULL,NULL,"0",NULL,"2016-01-07 03:53:13"
"120","Individual",NULL,"0","0","0","0","1","0",NULL,NULL,"Wattson, Sharyn","Sharyn Wattson",NULL,NULL,NULL,"2",NULL,"Both","2670834136",NULL,"Sample Data","Sharyn",,"Wattson",NULL,NULL,NULL,NULL,"1",NULL,"Dear Sharyn","1",NULL,"Dear Sharyn","1",NULL,"Sharyn Wattson",NULL,"1","1980-08-20","0",NULL,NULL,NULL,NULL,NULL,NULL,NULL,"0",NULL,"2016-01-07 03:53:13"
"121","Individual",NULL,"0","0","0","0","0","0",NULL,NULL,"Bachman, Brent","Brent Bachman Jr.",NULL,NULL,NULL,NULL,NULL,"Both","3003967308",NULL,"Sample Data","Brent","Q","Bachman",NULL,"1",NULL,NULL,"1",NULL,"Dear Brent","1",NULL,"Dear Brent","1",NULL,"Brent Bachman Jr.",NULL,"2","1994-10-03","0",NULL,NULL,NULL,NULL,NULL,NULL,NULL,"0",NULL,"2016-01-07 03:53:13"
"122","Individual",NULL,"0","1","0","0","0","0",NULL,NULL,"Parker, Laree","Laree Parker",NULL,NULL,NULL,"2",NULL,"Both","2714686172",NULL,"Sample Data","Laree","C","Parker",NULL,NULL,NULL,NULL,"1",NULL,"Dear Laree","1",NULL,"Dear Laree","1",NULL,"Laree Parker",NULL,NULL,"1974-07-12","0",NULL,NULL,NULL,NULL,NULL,NULL,NULL,"0",NULL,"2016-01-07 03:53:13"
"123","Individual",NULL,"1","0","0","0","0","0",NULL,NULL,"Olsen, Carylon","Ms. Carylon Olsen",NULL,NULL,NULL,NULL,NULL,"Both","1490678248",NULL,"Sample Data","Carylon",,"Olsen","2",NULL,NULL,NULL,"1",NULL,"Dear Carylon","1",NULL,"Dear Carylon","1",NULL,"Ms. Carylon Olsen",NULL,"1","1989-06-27","0",NULL,NULL,NULL,NULL,NULL,NULL,NULL,"0",NULL,"2016-01-07 03:53:13"
"124","Individual",NULL,"0","0","0","0","0","0",NULL,NULL,"Olsen, Elbert","Elbert Olsen",NULL,NULL,NULL,NULL,NULL,"Both","2334086497",NULL,"Sample Data","Elbert",,"Olsen",NULL,NULL,NULL,NULL,"1",NULL,"Dear Elbert","1",NULL,"Dear Elbert","1",NULL,"Elbert Olsen",NULL,"2","1969-02-03","0",NULL,NULL,NULL,"Pennsylvania Technology School",NULL,NULL,"52","0",NULL,"2016-01-07 03:53:13"
"125","Household",NULL,"0","0","0","0","0","0",NULL,NULL,"Wagner family","Wagner family",NULL,NULL,NULL,"3",NULL,"Both","1570966486",NULL,"Sample Data",NULL,NULL,NULL,NULL,NULL,NULL,NULL,"5",NULL,"Dear Wagner family","5",NULL,"Dear Wagner family","2",NULL,"Wagner family",NULL,NULL,NULL,"0",NULL,"Wagner family",NULL,NULL,NULL,NULL,NULL,"0",NULL,"2016-01-07 03:53:13"
"126","Individual",NULL,"0","0","0","0","0","0",NULL,NULL,"Dimitrov, Ivey","Dr. Ivey Dimitrov",NULL,NULL,NULL,NULL,NULL,"Both","213135889",NULL,"Sample Data","Ivey",,"Dimitrov","4",NULL,NULL,NULL,"1",NULL,"Dear Ivey","1",NULL,"Dear Ivey","1",NULL,"Dr. Ivey Dimitrov",NULL,NULL,"1970-09-15","0",NULL,NULL,NULL,NULL,NULL,NULL,NULL,"0",NULL,"2016-01-07 03:53:13"
"127","Organization",NULL,"0","0","0","0","0","0",NULL,NULL,"Main Empowerment Network","Main Empowerment Network",NULL,NULL,NULL,NULL,NULL,"Both","2693104173",NULL,"Sample Data",NULL,NULL,NULL,NULL,NULL,NULL,NULL,NULL,NULL,NULL,NULL,NULL,NULL,"3",NULL,"Main Empowerment Network",NULL,NULL,NULL,"0",NULL,NULL,"159","Main Empowerment Network",NULL,NULL,NULL,"0",NULL,"2016-01-07 03:53:13"
"128","Individual",NULL,"1","1","0","0","0","0",NULL,NULL,"prentice.brittney34@example.com","prentice.brittney34@example.com",NULL,NULL,NULL,"3",NULL,"Both","1491158934",NULL,"Sample Data",NULL,NULL,NULL,NULL,NULL,NULL,NULL,"1",NULL,"Dear prentice.brittney34@example.com","1",NULL,"Dear prentice.brittney34@example.com","1",NULL,"prentice.brittney34@example.com",NULL,NULL,NULL,"0",NULL,NULL,NULL,NULL,NULL,NULL,NULL,"0",NULL,"2016-01-07 03:53:13"
"129","Individual",NULL,"0","0","0","0","0","0",NULL,NULL,"Jones, Allan","Allan Jones",NULL,NULL,NULL,NULL,NULL,"Both","358340154",NULL,"Sample Data","Allan","I","Jones",NULL,NULL,NULL,NULL,"1",NULL,"Dear Allan","1",NULL,"Dear Allan","1",NULL,"Allan Jones",NULL,"2","1935-05-16","0",NULL,NULL,NULL,NULL,NULL,NULL,NULL,"0",NULL,"2016-01-07 03:53:13"
"130","Individual",NULL,"1","0","0","0","0","0",NULL,NULL,"Robertson, Felisha","Mrs. Felisha Robertson",NULL,NULL,NULL,NULL,NULL,"Both","2615104196",NULL,"Sample Data","Felisha","R","Robertson","1",NULL,NULL,NULL,"1",NULL,"Dear Felisha","1",NULL,"Dear Felisha","1",NULL,"Mrs. Felisha Robertson",NULL,"1","1969-06-05","0",NULL,NULL,NULL,NULL,NULL,NULL,NULL,"0",NULL,"2016-01-07 03:53:12"
"131","Individual",NULL,"0","0","0","0","0","0",NULL,NULL,"McReynolds, Carylon","Carylon McReynolds",NULL,NULL,NULL,"5",NULL,"Both","166365964",NULL,"Sample Data","Carylon",,"McReynolds",NULL,NULL,NULL,NULL,"1",NULL,"Dear Carylon","1",NULL,"Dear Carylon","1",NULL,"Carylon McReynolds",NULL,NULL,"1977-03-02","0",NULL,NULL,NULL,NULL,NULL,NULL,NULL,"0",NULL,"2016-01-07 03:53:13"
"132","Individual",NULL,"0","0","0","0","0","0",NULL,NULL,"Adams, Daren","Dr. Daren Adams",NULL,NULL,NULL,NULL,NULL,"Both","1164251190",NULL,"Sample Data","Daren","E","Adams","4",NULL,NULL,NULL,"1",NULL,"Dear Daren","1",NULL,"Dear Daren","1",NULL,"Dr. Daren Adams",NULL,"2","1927-10-30","0",NULL,NULL,NULL,NULL,NULL,NULL,NULL,"0",NULL,"2016-01-07 03:53:13"
"133","Individual",NULL,"0","0","0","0","0","0",NULL,NULL,"Terry, Mei","Mei Terry",NULL,NULL,NULL,NULL,NULL,"Both","210482431",NULL,"Sample Data","Mei","U","Terry",NULL,NULL,NULL,NULL,"1",NULL,"Dear Mei","1",NULL,"Dear Mei","1",NULL,"Mei Terry",NULL,NULL,"1956-03-17","0",NULL,NULL,NULL,"North Carolina Software Partners",NULL,NULL,"82","0",NULL,"2016-01-07 03:53:13"
"134","Individual",NULL,"0","1","0","0","0","0",NULL,NULL,"lee.bob@airmail.com","lee.bob@airmail.com",NULL,NULL,NULL,NULL,NULL,"Both","541505426",NULL,"Sample Data",NULL,NULL,NULL,"3","2",NULL,NULL,"1",NULL,"Dear lee.bob@airmail.com","1",NULL,"Dear lee.bob@airmail.com","1",NULL,"lee.bob@airmail.com",NULL,NULL,NULL,"0",NULL,NULL,NULL,NULL,NULL,NULL,NULL,"0",NULL,"2016-01-07 03:53:13"
"135","Individual",NULL,"0","0","0","0","0","0",NULL,NULL,"Cooper, Ashlie","Ashlie Cooper",NULL,NULL,NULL,"1",NULL,"Both","2771748009",NULL,"Sample Data","Ashlie",,"Cooper",NULL,NULL,NULL,NULL,"1",NULL,"Dear Ashlie","1",NULL,"Dear Ashlie","1",NULL,"Ashlie Cooper",NULL,NULL,"1997-03-13","0",NULL,NULL,NULL,NULL,NULL,NULL,NULL,"0",NULL,"2016-01-07 03:53:13"
"136","Individual",NULL,"0","0","0","0","0","0",NULL,NULL,"Díaz, Jacob","Jacob Díaz",NULL,NULL,NULL,"5",NULL,"Both","3488947578",NULL,"Sample Data","Jacob",,"Díaz",NULL,NULL,NULL,NULL,"1",NULL,"Dear Jacob","1",NULL,"Dear Jacob","1",NULL,"Jacob Díaz",NULL,"2","2000-02-08","0",NULL,NULL,NULL,NULL,NULL,NULL,NULL,"0",NULL,"2016-01-07 03:53:13"
"137","Household",NULL,"0","0","0","0","0","0",NULL,NULL,"Parker family","Parker family",NULL,NULL,NULL,"4",NULL,"Both","425242179",NULL,"Sample Data",NULL,NULL,NULL,NULL,NULL,NULL,NULL,"5",NULL,"Dear Parker family","5",NULL,"Dear Parker family","2",NULL,"Parker family",NULL,NULL,NULL,"0",NULL,"Parker family",NULL,NULL,NULL,NULL,NULL,"0",NULL,"2016-01-07 03:53:13"
"138","Household",NULL,"0","0","0","0","0","0",NULL,NULL,"Barkley family","Barkley family",NULL,NULL,NULL,"3",NULL,"Both","2888062109",NULL,"Sample Data",NULL,NULL,NULL,NULL,NULL,NULL,NULL,"5",NULL,"Dear Barkley family","5",NULL,"Dear Barkley family","2",NULL,"Barkley family",NULL,NULL,NULL,"0",NULL,"Barkley family",NULL,NULL,NULL,NULL,NULL,"0",NULL,"2016-01-07 03:53:13"
"139","Individual",NULL,"0","0","0","0","0","0",NULL,NULL,"Barkley, Heidi","Heidi Barkley",NULL,NULL,NULL,"3",NULL,"Both","1854810222",NULL,"Sample Data","Heidi",,"Barkley",NULL,NULL,NULL,NULL,"1",NULL,"Dear Heidi","1",NULL,"Dear Heidi","1",NULL,"Heidi Barkley",NULL,"1","1976-09-12","0",NULL,NULL,NULL,NULL,NULL,NULL,NULL,"0",NULL,"2016-01-07 03:53:13"
"140","Individual",NULL,"0","0","0","0","0","0",NULL,NULL,"jameson.rolando@lol.net","jameson.rolando@lol.net",NULL,NULL,NULL,"5",NULL,"Both","1250641992",NULL,"Sample Data",NULL,NULL,NULL,NULL,NULL,NULL,NULL,"1",NULL,"Dear jameson.rolando@lol.net","1",NULL,"Dear jameson.rolando@lol.net","1",NULL,"jameson.rolando@lol.net",NULL,NULL,NULL,"0",NULL,NULL,NULL,NULL,NULL,NULL,NULL,"0",NULL,"2016-01-07 03:53:13"
"141","Individual",NULL,"1","0","0","0","0","0",NULL,NULL,"Ivanov, Barry","Barry Ivanov II",NULL,NULL,NULL,"1",NULL,"Both","2218258895",NULL,"Sample Data","Barry",,"Ivanov",NULL,"3",NULL,NULL,"1",NULL,"Dear Barry","1",NULL,"Dear Barry","1",NULL,"Barry Ivanov II",NULL,"2",NULL,"1","2015-03-21",NULL,NULL,NULL,NULL,NULL,NULL,"0",NULL,"2016-01-07 03:53:13"
"142","Household",NULL,"1","0","0","0","1","0",NULL,NULL,"McReynolds family","McReynolds family",NULL,NULL,NULL,"3",NULL,"Both","3032680972",NULL,"Sample Data",NULL,NULL,NULL,NULL,NULL,NULL,NULL,"5",NULL,"Dear McReynolds family","5",NULL,"Dear McReynolds family","2",NULL,"McReynolds family",NULL,NULL,NULL,"0",NULL,"McReynolds family",NULL,NULL,NULL,NULL,NULL,"0",NULL,"2016-01-07 03:53:13"
"143","Individual",NULL,"0","0","0","0","0","0",NULL,NULL,"Łąchowski, Omar","Omar Łąchowski Sr.",NULL,NULL,NULL,NULL,NULL,"Both","3249212023",NULL,"Sample Data","Omar","V","Łąchowski",NULL,"2",NULL,NULL,"1",NULL,"Dear Omar","1",NULL,"Dear Omar","1",NULL,"Omar Łąchowski Sr.",NULL,"2","1948-03-06","1","2015-04-25",NULL,NULL,NULL,NULL,NULL,NULL,"0",NULL,"2016-01-07 03:53:13"
"144","Individual",NULL,"1","1","0","0","1","0",NULL,NULL,"Cooper, Brigette","Ms. Brigette Cooper",NULL,NULL,NULL,NULL,NULL,"Both","1627670122",NULL,"Sample Data","Brigette","D","Cooper","2",NULL,NULL,NULL,"1",NULL,"Dear Brigette","1",NULL,"Dear Brigette","1",NULL,"Ms. Brigette Cooper",NULL,"1","1967-08-26","0",NULL,NULL,NULL,NULL,NULL,NULL,NULL,"0",NULL,"2016-01-07 03:53:12"
"145","Individual",NULL,"0","1","0","0","0","0",NULL,NULL,"Grant, Toby","Toby Grant Jr.",NULL,NULL,NULL,"1",NULL,"Both","944702831",NULL,"Sample Data","Toby",,"Grant",NULL,"1",NULL,NULL,"1",NULL,"Dear Toby","1",NULL,"Dear Toby","1",NULL,"Toby Grant Jr.",NULL,"2",NULL,"0",NULL,NULL,NULL,NULL,NULL,NULL,NULL,"0",NULL,"2016-01-07 03:53:13"
"146","Individual",NULL,"0","0","0","0","1","0",NULL,NULL,"Terrell, Carylon","Carylon Terrell",NULL,NULL,NULL,"3",NULL,"Both","3327689936",NULL,"Sample Data","Carylon","G","Terrell",NULL,NULL,NULL,NULL,"1",NULL,"Dear Carylon","1",NULL,"Dear Carylon","1",NULL,"Carylon Terrell",NULL,NULL,NULL,"0",NULL,NULL,NULL,NULL,NULL,NULL,NULL,"0",NULL,"2016-01-07 03:53:13"
"147","Individual",NULL,"0","1","0","0","0","0",NULL,NULL,"Grant-Prentice, Magan","Mrs. Magan Grant-Prentice",NULL,NULL,NULL,NULL,NULL,"Both","3971545627",NULL,"Sample Data","Magan","I","Grant-Prentice","1",NULL,NULL,NULL,"1",NULL,"Dear Magan","1",NULL,"Dear Magan","1",NULL,"Mrs. Magan Grant-Prentice",NULL,"1","1984-01-31","0",NULL,NULL,NULL,NULL,NULL,NULL,NULL,"0",NULL,"2016-01-07 03:53:13"
"148","Individual",NULL,"0","0","0","0","0","0",NULL,NULL,"Robertson, Teddy","Dr. Teddy Robertson",NULL,NULL,NULL,NULL,NULL,"Both","3214459579",NULL,"Sample Data","Teddy",,"Robertson","4",NULL,NULL,NULL,"1",NULL,"Dear Teddy","1",NULL,"Dear Teddy","1",NULL,"Dr. Teddy Robertson",NULL,"2","1940-04-07","0",NULL,NULL,NULL,NULL,NULL,NULL,NULL,"0",NULL,"2016-01-07 03:53:13"
"149","Individual",NULL,"0","0","0","0","0","0",NULL,NULL,"Terrell, Shad","Shad Terrell III",NULL,NULL,NULL,"1",NULL,"Both","3876111966",NULL,"Sample Data","Shad","I","Terrell",NULL,"4",NULL,NULL,"1",NULL,"Dear Shad","1",NULL,"Dear Shad","1",NULL,"Shad Terrell III",NULL,NULL,"1969-11-03","0",NULL,NULL,NULL,NULL,NULL,NULL,NULL,"0",NULL,"2016-01-07 03:53:13"
"150","Individual",NULL,"1","0","0","0","1","0",NULL,NULL,"Müller, Kacey","Ms. Kacey Müller",NULL,NULL,NULL,NULL,NULL,"Both","1198460062",NULL,"Sample Data","Kacey","A","Müller","2",NULL,NULL,NULL,"1",NULL,"Dear Kacey","1",NULL,"Dear Kacey","1",NULL,"Ms. Kacey Müller",NULL,NULL,"1989-06-03","0",NULL,NULL,NULL,"College Culture Solutions",NULL,NULL,"191","0",NULL,"2016-01-07 03:53:13"
"151","Individual",NULL,"0","0","0","0","0","0",NULL,NULL,"Jacobs, Bob","Bob Jacobs Sr.",NULL,NULL,NULL,NULL,NULL,"Both","171700629",NULL,"Sample Data","Bob","C","Jacobs",NULL,"2",NULL,NULL,"1",NULL,"Dear Bob","1",NULL,"Dear Bob","1",NULL,"Bob Jacobs Sr.",NULL,"2","1957-12-24","1","2015-02-16",NULL,NULL,NULL,NULL,NULL,NULL,"0",NULL,"2016-01-07 03:53:13"
"152","Individual",NULL,"0","0","0","0","0","0",NULL,NULL,"Nielsen, Junko","Junko Nielsen",NULL,NULL,NULL,"1",NULL,"Both","2926916105",NULL,"Sample Data","Junko","C","Nielsen",NULL,NULL,NULL,NULL,"1",NULL,"Dear Junko","1",NULL,"Dear Junko","1",NULL,"Junko Nielsen",NULL,"1","2002-10-04","0",NULL,NULL,NULL,NULL,NULL,NULL,NULL,"0",NULL,"2016-01-07 03:53:13"
"153","Individual",NULL,"0","1","0","0","0","0",NULL,NULL,"Terrell, Alexia","Alexia Terrell",NULL,NULL,NULL,"1",NULL,"Both","3098323867",NULL,"Sample Data","Alexia",,"Terrell",NULL,NULL,NULL,NULL,"1",NULL,"Dear Alexia","1",NULL,"Dear Alexia","1",NULL,"Alexia Terrell",NULL,"1",NULL,"0",NULL,NULL,NULL,NULL,NULL,NULL,NULL,"0",NULL,"2016-01-07 03:53:13"
"154","Individual",NULL,"0","0","0","0","0","0",NULL,NULL,"Roberts, Jed","Dr. Jed Roberts Sr.",NULL,NULL,NULL,"4",NULL,"Both","1541419664",NULL,"Sample Data","Jed","H","Roberts","4","2",NULL,NULL,"1",NULL,"Dear Jed","1",NULL,"Dear Jed","1",NULL,"Dr. Jed Roberts Sr.",NULL,"2","1955-06-17","0",NULL,NULL,NULL,NULL,NULL,NULL,NULL,"0",NULL,"2016-01-07 03:53:13"
"155","Individual",NULL,"0","0","0","0","0","0",NULL,NULL,"Robertson, Nicole","Nicole Robertson",NULL,NULL,NULL,"5",NULL,"Both","1918661932",NULL,"Sample Data","Nicole",,"Robertson",NULL,NULL,NULL,NULL,"1",NULL,"Dear Nicole","1",NULL,"Dear Nicole","1",NULL,"Nicole Robertson",NULL,"1","1949-09-30","0",NULL,NULL,NULL,NULL,NULL,NULL,NULL,"0",NULL,"2016-01-07 03:53:12"
"156","Individual",NULL,"0","1","0","0","0","0",NULL,NULL,"Olsen-Terrell, Heidi","Heidi Olsen-Terrell",NULL,NULL,NULL,"1",NULL,"Both","1425019010",NULL,"Sample Data","Heidi","W","Olsen-Terrell",NULL,NULL,NULL,NULL,"1",NULL,"Dear Heidi","1",NULL,"Dear Heidi","1",NULL,"Heidi Olsen-Terrell",NULL,"1","1959-05-30","1","2015-09-05",NULL,NULL,NULL,NULL,NULL,NULL,"0",NULL,"2016-01-07 03:53:13"
"157","Individual",NULL,"0","0","0","0","1","0",NULL,NULL,"Jensen, Carlos","Mr. Carlos Jensen III",NULL,NULL,NULL,"2",NULL,"Both","3008185857",NULL,"Sample Data","Carlos","G","Jensen","3","4",NULL,NULL,"1",NULL,"Dear Carlos","1",NULL,"Dear Carlos","1",NULL,"Mr. Carlos Jensen III",NULL,NULL,NULL,"1","2015-10-09",NULL,NULL,NULL,NULL,NULL,NULL,"0",NULL,"2016-01-07 03:53:12"
"158","Household",NULL,"0","0","0","0","0","0",NULL,NULL,"Grant family","Grant family",NULL,NULL,NULL,NULL,NULL,"Both","3228000340",NULL,"Sample Data",NULL,NULL,NULL,NULL,NULL,NULL,NULL,"5",NULL,"Dear Grant family","5",NULL,"Dear Grant family","2",NULL,"Grant family",NULL,NULL,NULL,"0",NULL,"Grant family",NULL,NULL,NULL,NULL,NULL,"0",NULL,"2016-01-07 03:53:13"
"159","Individual",NULL,"0","1","0","0","1","0",NULL,NULL,"Parker, Kathleen","Kathleen Parker",NULL,NULL,NULL,"1",NULL,"Both","295233156",NULL,"Sample Data","Kathleen",,"Parker",NULL,NULL,NULL,NULL,"1",NULL,"Dear Kathleen","1",NULL,"Dear Kathleen","1",NULL,"Kathleen Parker",NULL,"1","1992-08-25","0",NULL,NULL,NULL,"Main Empowerment Network",NULL,NULL,"127","0",NULL,"2016-01-07 03:53:13"
"160","Organization",NULL,"0","0","0","0","0","0",NULL,NULL,"Global Software Network","Global Software Network",NULL,NULL,NULL,NULL,NULL,"Both","310362668",NULL,"Sample Data",NULL,NULL,NULL,NULL,NULL,NULL,NULL,NULL,NULL,NULL,NULL,NULL,NULL,"3",NULL,"Global Software Network",NULL,NULL,NULL,"0",NULL,NULL,"186","Global Software Network",NULL,NULL,NULL,"0",NULL,"2016-01-07 03:53:13"
"161","Individual",NULL,"0","0","0","0","1","0",NULL,NULL,"Barkley, Junko","Ms. Junko Barkley",NULL,NULL,NULL,NULL,NULL,"Both","803439598",NULL,"Sample Data","Junko","U","Barkley","2",NULL,NULL,NULL,"1",NULL,"Dear Junko","1",NULL,"Dear Junko","1",NULL,"Ms. Junko Barkley",NULL,"1","1974-03-29","0",NULL,NULL,NULL,NULL,NULL,NULL,NULL,"0",NULL,"2016-01-07 03:53:13"
"162","Individual",NULL,"0","0","0","0","0","0",NULL,NULL,"Samuels, Norris","Mr. Norris Samuels Jr.",NULL,NULL,NULL,"3",NULL,"Both","729903079",NULL,"Sample Data","Norris",,"Samuels","3","1",NULL,NULL,"1",NULL,"Dear Norris","1",NULL,"Dear Norris","1",NULL,"Mr. Norris Samuels Jr.",NULL,NULL,NULL,"0",NULL,NULL,NULL,NULL,NULL,NULL,NULL,"0",NULL,"2016-01-07 03:53:13"
"163","Individual",NULL,"0","1","0","0","0","0",NULL,NULL,"Adams, Maria","Dr. Maria Adams II",NULL,NULL,NULL,"5",NULL,"Both","1954488538",NULL,"Sample Data","Maria","Q","Adams","4","3",NULL,NULL,"1",NULL,"Dear Maria","1",NULL,"Dear Maria","1",NULL,"Dr. Maria Adams II",NULL,"2",NULL,"0",NULL,NULL,NULL,NULL,NULL,NULL,NULL,"0",NULL,"2016-01-07 03:53:13"
"164","Individual",NULL,"0","1","0","0","0","0",NULL,NULL,"Deforest, Josefa","Josefa Deforest",NULL,NULL,NULL,"4",NULL,"Both","2303939746",NULL,"Sample Data","Josefa","Q","Deforest",NULL,NULL,NULL,NULL,"1",NULL,"Dear Josefa","1",NULL,"Dear Josefa","1",NULL,"Josefa Deforest",NULL,NULL,NULL,"0",NULL,NULL,NULL,NULL,NULL,NULL,NULL,"0",NULL,"2016-01-07 03:53:12"
"165","Individual",NULL,"0","0","0","0","0","0",NULL,NULL,"Parker, Ray","Mr. Ray Parker Jr.",NULL,NULL,NULL,NULL,NULL,"Both","2141757227",NULL,"Sample Data","Ray","N","Parker","3","1",NULL,NULL,"1",NULL,"Dear Ray","1",NULL,"Dear Ray","1",NULL,"Mr. Ray Parker Jr.",NULL,NULL,NULL,"1","2015-08-07",NULL,NULL,NULL,NULL,NULL,NULL,"0",NULL,"2016-01-07 03:53:13"
"166","Individual",NULL,"0","0","0","0","0","0",NULL,NULL,"Deforest, Jay","Jay Deforest",NULL,NULL,NULL,NULL,NULL,"Both","3714093983",NULL,"Sample Data","Jay",,"Deforest",NULL,NULL,NULL,NULL,"1",NULL,"Dear Jay","1",NULL,"Dear Jay","1",NULL,"Jay Deforest",NULL,"2",NULL,"1","2015-12-02",NULL,NULL,NULL,NULL,NULL,NULL,"0",NULL,"2016-01-07 03:53:13"
"167","Household",NULL,"0","1","0","0","0","0",NULL,NULL,"Wattson family","Wattson family",NULL,NULL,NULL,NULL,NULL,"Both","2851339192",NULL,"Sample Data",NULL,NULL,NULL,NULL,NULL,NULL,NULL,"5",NULL,"Dear Wattson family","5",NULL,"Dear Wattson family","2",NULL,"Wattson family",NULL,NULL,NULL,"0",NULL,"Wattson family",NULL,NULL,NULL,NULL,NULL,"0",NULL,"2016-01-07 03:53:13"
"168","Household",NULL,"0","0","0","0","0","0",NULL,NULL,"Wilson family","Wilson family",NULL,NULL,NULL,NULL,NULL,"Both","350510798",NULL,"Sample Data",NULL,NULL,NULL,NULL,NULL,NULL,NULL,"5",NULL,"Dear Wilson family","5",NULL,"Dear Wilson family","2",NULL,"Wilson family",NULL,NULL,NULL,"0",NULL,"Wilson family",NULL,NULL,NULL,NULL,NULL,"0",NULL,"2016-01-07 03:53:13"
"169","Individual",NULL,"1","0","0","0","0","0",NULL,NULL,"Terrell, Daren","Dr. Daren Terrell",NULL,NULL,NULL,"4",NULL,"Both","1552940951",NULL,"Sample Data","Daren","N","Terrell","4",NULL,NULL,NULL,"1",NULL,"Dear Daren","1",NULL,"Dear Daren","1",NULL,"Dr. Daren Terrell",NULL,"2",NULL,"0",NULL,NULL,NULL,NULL,NULL,NULL,NULL,"0",NULL,"2016-01-07 03:53:13"
"170","Individual",NULL,"1","0","0","0","0","0",NULL,NULL,"Wattson, Norris","Mr. Norris Wattson",NULL,NULL,NULL,NULL,NULL,"Both","4180802164",NULL,"Sample Data","Norris",,"Wattson","3",NULL,NULL,NULL,"1",NULL,"Dear Norris","1",NULL,"Dear Norris","1",NULL,"Mr. Norris Wattson",NULL,"2","1957-10-13","0",NULL,NULL,NULL,NULL,NULL,NULL,NULL,"0",NULL,"2016-01-07 03:53:13"
"171","Individual",NULL,"0","0","0","0","0","0",NULL,NULL,"Wilson, Allan","Mr. Allan Wilson",NULL,NULL,NULL,NULL,NULL,"Both","1133423819",NULL,"Sample Data","Allan",,"Wilson","3",NULL,NULL,NULL,"1",NULL,"Dear Allan","1",NULL,"Dear Allan","1",NULL,"Mr. Allan Wilson",NULL,"2",NULL,"0",NULL,NULL,NULL,NULL,NULL,NULL,NULL,"0",NULL,"2016-01-07 03:53:13"
"172","Individual",NULL,"1","0","0","0","1","0",NULL,NULL,"gonzlez.justina@sample.info","gonzlez.justina@sample.info",NULL,NULL,NULL,NULL,NULL,"Both","1528649863",NULL,"Sample Data",NULL,NULL,NULL,NULL,NULL,NULL,NULL,"1",NULL,"Dear gonzlez.justina@sample.info","1",NULL,"Dear gonzlez.justina@sample.info","1",NULL,"gonzlez.justina@sample.info",NULL,NULL,NULL,"0",NULL,NULL,NULL,"Main Family Network",NULL,NULL,"91","0",NULL,"2016-01-07 03:53:13"
"173","Individual",NULL,"0","0","0","0","0","0",NULL,NULL,"jeromebarkley69@mymail.co.pl","jeromebarkley69@mymail.co.pl",NULL,NULL,NULL,NULL,NULL,"Both","3708914842",NULL,"Sample Data",NULL,NULL,NULL,"3","3",NULL,NULL,"1",NULL,"Dear jeromebarkley69@mymail.co.pl","1",NULL,"Dear jeromebarkley69@mymail.co.pl","1",NULL,"jeromebarkley69@mymail.co.pl",NULL,NULL,NULL,"0",NULL,NULL,NULL,NULL,NULL,NULL,NULL,"0",NULL,"2016-01-07 03:53:13"
"174","Individual",NULL,"0","0","0","0","0","0",NULL,NULL,"Samuels, Nicole","Dr. Nicole Samuels",NULL,NULL,NULL,"4",NULL,"Both","3510229898",NULL,"Sample Data","Nicole","C","Samuels","4",NULL,NULL,NULL,"1",NULL,"Dear Nicole","1",NULL,"Dear Nicole","1",NULL,"Dr. Nicole Samuels",NULL,NULL,"1989-06-05","0",NULL,NULL,NULL,NULL,NULL,NULL,NULL,"0",NULL,"2016-01-07 03:53:13"
"175","Individual",NULL,"1","0","0","0","0","0",NULL,NULL,"Grant, Ray","Ray Grant",NULL,NULL,NULL,"1",NULL,"Both","2294694701",NULL,"Sample Data","Ray","E","Grant",NULL,NULL,NULL,NULL,"1",NULL,"Dear Ray","1",NULL,"Dear Ray","1",NULL,"Ray Grant",NULL,"2","1997-09-25","0",NULL,NULL,NULL,NULL,NULL,NULL,NULL,"0",NULL,"2016-01-07 03:53:13"
"176","Individual",NULL,"1","0","0","0","1","0",NULL,NULL,"elinawilson28@notmail.net","elinawilson28@notmail.net",NULL,NULL,NULL,NULL,NULL,"Both","2311917408",NULL,"Sample Data",NULL,NULL,NULL,"2",NULL,NULL,NULL,"1",NULL,"Dear elinawilson28@notmail.net","1",NULL,"Dear elinawilson28@notmail.net","1",NULL,"elinawilson28@notmail.net",NULL,NULL,NULL,"0",NULL,NULL,NULL,NULL,NULL,NULL,NULL,"0",NULL,"2016-01-07 03:53:13"
"177","Individual",NULL,"0","0","0","0","0","0",NULL,NULL,"ni.wilson@testing.com","ni.wilson@testing.com",NULL,NULL,NULL,"4",NULL,"Both","2098372698",NULL,"Sample Data",NULL,NULL,NULL,NULL,NULL,NULL,NULL,"1",NULL,"Dear ni.wilson@testing.com","1",NULL,"Dear ni.wilson@testing.com","1",NULL,"ni.wilson@testing.com",NULL,NULL,NULL,"0",NULL,NULL,NULL,NULL,NULL,NULL,NULL,"0",NULL,"2016-01-07 03:53:13"
"178","Individual",NULL,"0","0","0","0","0","0",NULL,NULL,"Reynolds, Lincoln","Lincoln Reynolds Jr.",NULL,NULL,NULL,NULL,NULL,"Both","3299281053",NULL,"Sample Data","Lincoln","Z","Reynolds",NULL,"1",NULL,NULL,"1",NULL,"Dear Lincoln","1",NULL,"Dear Lincoln","1",NULL,"Lincoln Reynolds Jr.",NULL,NULL,"1943-01-25","0",NULL,NULL,NULL,NULL,NULL,NULL,NULL,"0",NULL,"2016-01-07 03:53:12"
"179","Individual",NULL,"0","0","0","0","1","0",NULL,NULL,"Wagner, Irvin","Irvin Wagner III",NULL,NULL,NULL,"2",NULL,"Both","1394032144",NULL,"Sample Data","Irvin","E","Wagner",NULL,"4",NULL,NULL,"1",NULL,"Dear Irvin","1",NULL,"Dear Irvin","1",NULL,"Irvin Wagner III",NULL,NULL,"2008-06-26","0",NULL,NULL,NULL,NULL,NULL,NULL,NULL,"0",NULL,"2016-01-07 03:53:13"
"180","Household",NULL,"0","0","0","0","0","0",NULL,NULL,"Díaz family","Díaz family",NULL,NULL,NULL,"3",NULL,"Both","2169249835",NULL,"Sample Data",NULL,NULL,NULL,NULL,NULL,NULL,NULL,"5",NULL,"Dear Díaz family","5",NULL,"Dear Díaz family","2",NULL,"Díaz family",NULL,NULL,NULL,"0",NULL,"Díaz family",NULL,NULL,NULL,NULL,NULL,"0",NULL,"2016-01-07 03:53:13"
"181","Household",NULL,"0","0","0","0","0","0",NULL,NULL,"Grant family","Grant family",NULL,NULL,NULL,NULL,NULL,"Both","3228000340",NULL,"Sample Data",NULL,NULL,NULL,NULL,NULL,NULL,NULL,"5",NULL,"Dear Grant family","5",NULL,"Dear Grant family","2",NULL,"Grant family",NULL,NULL,NULL,"0",NULL,"Grant family",NULL,NULL,NULL,NULL,NULL,"0",NULL,"2016-01-07 03:53:13"
"182","Individual",NULL,"0","0","0","0","1","0",NULL,NULL,"Łąchowski, Rolando","Rolando Łąchowski Jr.",NULL,NULL,NULL,NULL,NULL,"Both","2050777449",NULL,"Sample Data","Rolando","R","Łąchowski",NULL,"1",NULL,NULL,"1",NULL,"Dear Rolando","1",NULL,"Dear Rolando","1",NULL,"Rolando Łąchowski Jr.",NULL,"2","1983-08-25","0",NULL,NULL,NULL,NULL,NULL,NULL,NULL,"0",NULL,"2016-01-07 03:53:13"
"183","Individual",NULL,"0","0","0","0","0","0",NULL,NULL,"McReynolds, Truman","Truman McReynolds",NULL,NULL,NULL,NULL,NULL,"Both","779089403",NULL,"Sample Data","Truman",,"McReynolds",NULL,NULL,NULL,NULL,"1",NULL,"Dear Truman","1",NULL,"Dear Truman","1",NULL,"Truman McReynolds",NULL,NULL,"1998-10-10","0",NULL,NULL,NULL,NULL,NULL,NULL,NULL,"0",NULL,"2016-01-07 03:53:13"
"184","Individual",NULL,"0","0","0","0","1","0",NULL,NULL,"Grant, Allan","Mr. Allan Grant Jr.",NULL,NULL,NULL,NULL,NULL,"Both","2534249041",NULL,"Sample Data","Allan","C","Grant","3","1",NULL,NULL,"1",NULL,"Dear Allan","1",NULL,"Dear Allan","1",NULL,"Mr. Allan Grant Jr.",NULL,"2","1985-09-24","0",NULL,NULL,NULL,NULL,NULL,NULL,NULL,"0",NULL,"2016-01-07 03:53:13"
"185","Individual",NULL,"1","0","0","0","0","0",NULL,NULL,"Roberts, Carylon","Carylon Roberts",NULL,NULL,NULL,"3",NULL,"Both","3876648788",NULL,"Sample Data","Carylon","U","Roberts",NULL,NULL,NULL,NULL,"1",NULL,"Dear Carylon","1",NULL,"Dear Carylon","1",NULL,"Carylon Roberts",NULL,"1","1985-10-05","0",NULL,NULL,NULL,NULL,NULL,NULL,NULL,"0",NULL,"2016-01-07 03:53:13"
"186","Individual",NULL,"0","1","0","0","0","0",NULL,NULL,"Roberts, Allan","Allan Roberts",NULL,NULL,NULL,"1",NULL,"Both","711502623",NULL,"Sample Data","Allan",,"Roberts",NULL,NULL,NULL,NULL,"1",NULL,"Dear Allan","1",NULL,"Dear Allan","1",NULL,"Allan Roberts",NULL,"2",NULL,"0",NULL,NULL,NULL,"Global Software Network",NULL,NULL,"160","0",NULL,"2016-01-07 03:53:13"
"187","Individual",NULL,"0","0","0","0","1","0",NULL,NULL,"McReynolds, Jerome","Jerome McReynolds II",NULL,NULL,NULL,NULL,NULL,"Both","1615308753",NULL,"Sample Data","Jerome","Z","McReynolds",NULL,"3",NULL,NULL,"1",NULL,"Dear Jerome","1",NULL,"Dear Jerome","1",NULL,"Jerome McReynolds II",NULL,NULL,NULL,"0",NULL,NULL,NULL,NULL,NULL,NULL,NULL,"0",NULL,"2016-01-07 03:53:13"
"188","Individual",NULL,"0","0","0","0","0","0",NULL,NULL,"Lee, Barry","Mr. Barry Lee Sr.",NULL,NULL,NULL,"2",NULL,"Both","609109551",NULL,"Sample Data","Barry",,"Lee","3","2",NULL,NULL,"1",NULL,"Dear Barry","1",NULL,"Dear Barry","1",NULL,"Mr. Barry Lee Sr.",NULL,"2","1940-05-17","0",NULL,NULL,NULL,NULL,NULL,NULL,NULL,"0",NULL,"2016-01-07 03:53:13"
"189","Individual",NULL,"0","0","0","0","1","0",NULL,NULL,"Parker, Allen","Allen Parker III",NULL,NULL,NULL,NULL,NULL,"Both","710842690",NULL,"Sample Data","Allen",,"Parker",NULL,"4",NULL,NULL,"1",NULL,"Dear Allen","1",NULL,"Dear Allen","1",NULL,"Allen Parker III",NULL,"2","1971-01-29","0",NULL,NULL,NULL,NULL,NULL,NULL,NULL,"0",NULL,"2016-01-07 03:53:12"
"190","Individual",NULL,"0","0","0","0","0","0",NULL,NULL,"jx.wilson@testmail.co.nz","jx.wilson@testmail.co.nz",NULL,NULL,NULL,"4",NULL,"Both","2245909887",NULL,"Sample Data",NULL,NULL,NULL,NULL,NULL,NULL,NULL,"1",NULL,"Dear jx.wilson@testmail.co.nz","1",NULL,"Dear jx.wilson@testmail.co.nz","1",NULL,"jx.wilson@testmail.co.nz",NULL,NULL,NULL,"0",NULL,NULL,NULL,NULL,NULL,NULL,NULL,"0",NULL,"2016-01-07 03:53:13"
"191","Organization",NULL,"0","0","0","0","1","0",NULL,NULL,"College Culture Solutions","College Culture Solutions",NULL,NULL,NULL,"5",NULL,"Both","3826565389",NULL,"Sample Data",NULL,NULL,NULL,NULL,NULL,NULL,NULL,NULL,NULL,NULL,NULL,NULL,NULL,"3",NULL,"College Culture Solutions",NULL,NULL,NULL,"0",NULL,NULL,"150","College Culture Solutions",NULL,NULL,NULL,"0",NULL,"2016-01-07 03:53:13"
"192","Organization",NULL,"0","0","0","0","0","0",NULL,NULL,"Springfield Music Initiative","Springfield Music Initiative",NULL,NULL,NULL,NULL,NULL,"Both","884464353",NULL,"Sample Data",NULL,NULL,NULL,NULL,NULL,NULL,NULL,NULL,NULL,NULL,NULL,NULL,NULL,"3",NULL,"Springfield Music Initiative",NULL,NULL,NULL,"0",NULL,NULL,NULL,"Springfield Music Initiative",NULL,NULL,NULL,"0",NULL,"2016-01-07 03:53:13"
"193","Individual",NULL,"0","0","0","0","0","0",NULL,NULL,"Ivanov, Lawerence","Dr. Lawerence Ivanov",NULL,NULL,NULL,NULL,NULL,"Both","268329993",NULL,"Sample Data","Lawerence","Z","Ivanov","4",NULL,NULL,NULL,"1",NULL,"Dear Lawerence","1",NULL,"Dear Lawerence","1",NULL,"Dr. Lawerence Ivanov",NULL,"2",NULL,"0",NULL,NULL,NULL,NULL,NULL,NULL,NULL,"0",NULL,"2016-01-07 03:53:13"
"194","Individual",NULL,"0","0","0","0","0","0",NULL,NULL,"Wattson, Magan","Magan Wattson",NULL,NULL,NULL,"5",NULL,"Both","3310801792",NULL,"Sample Data","Magan","J","Wattson",NULL,NULL,NULL,NULL,"1",NULL,"Dear Magan","1",NULL,"Dear Magan","1",NULL,"Magan Wattson",NULL,NULL,"1995-10-14","0",NULL,NULL,NULL,NULL,NULL,NULL,NULL,"0",NULL,"2016-01-07 03:53:13"
"195","Individual",NULL,"1","1","0","0","0","0",NULL,NULL,"Dimitrov, Erik","Erik Dimitrov Jr.",NULL,NULL,NULL,NULL,NULL,"Both","510073649",NULL,"Sample Data","Erik",,"Dimitrov",NULL,"1",NULL,NULL,"1",NULL,"Dear Erik","1",NULL,"Dear Erik","1",NULL,"Erik Dimitrov Jr.",NULL,NULL,"1949-11-16","1",NULL,NULL,NULL,NULL,NULL,NULL,NULL,"0",NULL,"2016-01-07 03:53:13"
"196","Individual",NULL,"0","1","0","0","0","0",NULL,NULL,"Jameson, Eleonor","Mrs. Eleonor Jameson",NULL,NULL,NULL,"5",NULL,"Both","1654133418",NULL,"Sample Data","Eleonor",,"Jameson","1",NULL,NULL,NULL,"1",NULL,"Dear Eleonor","1",NULL,"Dear Eleonor","1",NULL,"Mrs. Eleonor Jameson",NULL,"1",NULL,"1","2015-08-04",NULL,NULL,NULL,NULL,NULL,NULL,"0",NULL,"2016-01-07 03:53:13"
"197","Individual",NULL,"1","0","0","0","0","0",NULL,NULL,"Dimitrov, Sharyn","Sharyn Dimitrov",NULL,NULL,NULL,NULL,NULL,"Both","1888129683",NULL,"Sample Data","Sharyn",,"Dimitrov",NULL,NULL,NULL,NULL,"1",NULL,"Dear Sharyn","1",NULL,"Dear Sharyn","1",NULL,"Sharyn Dimitrov",NULL,"1",NULL,"0",NULL,NULL,NULL,NULL,NULL,NULL,NULL,"0",NULL,"2016-01-07 03:53:13"
"198","Household",NULL,"0","1","0","0","0","0",NULL,NULL,"Ivanov family","Ivanov family",NULL,NULL,NULL,NULL,NULL,"Both","2450779112",NULL,"Sample Data",NULL,NULL,NULL,NULL,NULL,NULL,NULL,"5",NULL,"Dear Ivanov family","5",NULL,"Dear Ivanov family","2",NULL,"Ivanov family",NULL,NULL,NULL,"0",NULL,"Ivanov family",NULL,NULL,NULL,NULL,NULL,"0",NULL,"2016-01-07 03:53:13"
"199","Organization",NULL,"0","0","0","0","0","0",NULL,NULL,"El Camino Food Fellowship","El Camino Food Fellowship",NULL,NULL,NULL,"3",NULL,"Both","2213831345",NULL,"Sample Data",NULL,NULL,NULL,NULL,NULL,NULL,NULL,NULL,NULL,NULL,NULL,NULL,NULL,"3",NULL,"El Camino Food Fellowship",NULL,NULL,NULL,"0",NULL,NULL,NULL,"El Camino Food Fellowship",NULL,NULL,NULL,"0",NULL,"2016-01-07 03:53:13"
"200","Individual",NULL,"1","0","0","0","0","0",NULL,NULL,"Terrell, Lashawnda","Lashawnda Terrell",NULL,NULL,NULL,NULL,NULL,"Both","3446212470",NULL,"Sample Data","Lashawnda","O","Terrell",NULL,NULL,NULL,NULL,"1",NULL,"Dear Lashawnda","1",NULL,"Dear Lashawnda","1",NULL,"Lashawnda Terrell",NULL,"1",NULL,"0",NULL,NULL,NULL,NULL,NULL,NULL,NULL,"0",NULL,"2016-01-07 03:53:13"
"201","Individual",NULL,"0","1","0","0","0","0",NULL,NULL,"Adams, Landon","Landon Adams II",NULL,NULL,NULL,"1",NULL,"Both","1504862823",NULL,"Sample Data","Landon","A","Adams",NULL,"3",NULL,NULL,"1",NULL,"Dear Landon","1",NULL,"Dear Landon","1",NULL,"Landon Adams II",NULL,"2","1981-07-03","0",NULL,NULL,NULL,NULL,NULL,NULL,NULL,"0",NULL,"2016-01-07 03:53:13"
